_id,公司名称,产品名称,产品类别,设计类型,产品特殊属性,承保方式,保险期间类型,产品交费方式,产品条款文字编码,产品销售状态,停止销售日期,PDF文件
5b5313bdf1ad32a783dfae77,安邦人寿保险股份有限公司,安邦女性安康团体疾病保险,健康保险-疾病保险-其它疾病保险,传统型产品,女性专属产品,团体,短期（一年及一年以下）,一次性交费,安邦人寿[2010]疾病保险043号,在售, ,http://www.iachina.cn/IC/tkk/03/654bd348-6b83-4b93-8c38-7600e22751af_TERMS.PDF
5b5313bdf1ad32a783dfae78,北大方正人寿保险有限公司,附加特约疾病保险,健康保险-疾病保险-其它疾病保险,传统型产品,无,个人,长期（超过一年或含有保证续保条款）,分期交费,海尔纽约人寿[2009]疾病保险040号,停用,2010-08-31,http://www.iachina.cn/IC/tkk/03/dca86833-0c94-41b5-a116-7f95ca4bd73e_TERMS.PDF
5b5313bdf1ad32a783dfae79,北大方正人寿保险有限公司,附加特约疾病保险B款,健康保险-疾病保险-其它疾病保险,传统型产品,无,个人,长期（超过一年或含有保证续保条款）,分期交费,海尔纽约人寿[2009]疾病保险041号,停用,2011-01-18,http://www.iachina.cn/IC/tkk/03/00070e0d-e056-4b40-87eb-265f65593f53_TERMS.PDF
5b5313bdf1ad32a783dfae7a,北大方正人寿保险有限公司,附加特约疾病保险,健康保险-疾病保险-其它疾病保险,传统型产品,无,个人,长期（超过一年或含有保证续保条款）,分期交费,海尔保险[2011]疾病保险048号,停用,2012-05-04,http://www.iachina.cn/IC/tkk/03/475eb984-87f8-4df2-8578-504c3217008f_TERMS.PDF
5b5313bdf1ad32a783dfae7b,北大方正人寿保险有限公司,附加特约疾病保险,健康保险-疾病保险-其它疾病保险,传统型产品,无,个人,长期（超过一年或含有保证续保条款）,分期交费,海尔纽约人寿[2010]疾病保险016号,停用,2011-01-18,http://www.iachina.cn/IC/tkk/03/2cda8a97-c5ee-4e60-9b91-3c6d7b473b1e_TERMS.PDF
5b5313bdf1ad32a783dfae7c,北大方正人寿保险有限公司,附加特约疾病保险B款,健康保险-疾病保险-其它疾病保险,传统型产品,无,个人,长期（超过一年或含有保证续保条款）,分期交费,海尔保险[2011]疾病保险041号,停用,2012-05-04,http://www.iachina.cn/IC/tkk/03/26042f77-857b-4c57-8312-1ee50ec06e0c_TERMS.PDF
5b5313bdf1ad32a783dfae7d,北大方正人寿保险有限公司,附加特约疾病保险,健康保险-疾病保险-其它疾病保险,传统型产品,无,个人,长期（超过一年或含有保证续保条款）,分期交费,北大方正人寿[2012]疾病保险039号,停售,2015-07-02,http://www.iachina.cn/IC/tkk/03/a9872faf-4dd4-4f7d-bfcb-58f2578df0b8_TERMS.PDF
5b5313bdf1ad32a783dfae7e,北大方正人寿保险有限公司,附加特约疾病保险B款,健康保险-疾病保险-其它疾病保险,传统型产品,无,个人,长期（超过一年或含有保证续保条款）,分期交费,北大方正人寿[2012]疾病保险040号,停售,2015-07-02,http://www.iachina.cn/IC/tkk/03/0c641cfa-07ad-489e-87e2-ea1b37e41607_TERMS.PDF
5b5313bdf1ad32a783dfae7f,长城人寿保险股份有限公司,长城爱相依母婴疾病保险,健康保险-疾病保险-其它疾病保险,传统型产品,无,个人,长期（超过一年或含有保证续保条款）,一次性交费,长城人寿【2009】疾病保险008号,在售, ,http://www.iachina.cn/IC/tkk/03/d2c2ecfa-1b5f-428b-8419-8868730f0936_TERMS.PDF
5b5313bdf1ad32a783dfae80,长城人寿保险股份有限公司,长城附加喜康特定疾病保险,健康保险-疾病保险-其它疾病保险,传统型产品,无,个人,长期（超过一年或含有保证续保条款）,分期交费,长城人寿【2009】疾病保险009号,停售,2015-07-02,http://www.iachina.cn/IC/tkk/03/548794e1-85b2-4417-9ac8-7e9e910f577b_TERMS.PDF
5b5313bdf1ad32a783dfae81,长城人寿保险股份有限公司,长城吉祥宝贝少儿特定疾病保险,健康保险-疾病保险-其它疾病保险,传统型产品,无,个人,长期（超过一年或含有保证续保条款）,分期交费一次性交费兼有,长城人寿【2013】疾病保险010号,在售, ,http://www.iachina.cn/IC/tkk/03/e275284c-c593-43aa-abcc-5e9c3c381846_TERMS.PDF
5b5313bdf1ad32a783dfae82,长城人寿保险股份有限公司,长城爱相宜女性特定疾病保险,健康保险-疾病保险-其它疾病保险,传统型产品,无,个人,长期（超过一年或含有保证续保条款）,分期交费一次性交费兼有,长城人寿【2013】疾病保险011号,在售, ,http://www.iachina.cn/IC/tkk/03/14262c5b-390c-4161-a5e4-3f406174b7b2_TERMS.PDF
5b5313bdf1ad32a783dfae83,长生人寿保险有限公司,长生附加完美丽人女性疾病保险B款,健康保险-非个人税收优惠型健康保险-疾病保险-其它疾病保险,传统型产品,女性专属产品,个人,短期（一年及一年以下）,一次性交费,长生人寿［2009］疾病保险027号,停售,2017-03-22,http://www.iachina.cn/IC/tkk/03/ddaec90d-9876-4b29-8a7e-a722e7b32204_TERMS.PDF
5b5313bdf1ad32a783dfae84,长生人寿保险有限公司,长生附加真情呵护母婴疾病保险,健康保险-非个人税收优惠型健康保险-疾病保险-其它疾病保险,传统型产品,无,个人,长期（超过一年或含有保证续保条款）,一次性交费,长生人寿［2009］疾病保险024号,停售,2017-03-22,http://www.iachina.cn/IC/tkk/03/91f8dcd5-dfb5-4a7e-b04d-5bd8ca094913_TERMS.PDF
5b5313bdf1ad32a783dfae85,长生人寿保险有限公司,广电日生附加真情呵护母婴疾病保险,健康保险-疾病保险-其它疾病保险,传统型产品,无,个人,长期（超过一年或含有保证续保条款）,一次性交费,广电日生［2009］疾病保险079号,停售,2009-11-25,http://www.iachina.cn/IC/tkk/03/e9185a80-ad60-476c-864d-332337b2a401_TERMS.PDF
5b5313bdf1ad32a783dfae86,长生人寿保险有限公司,广电日生附加完美丽人女性疾病保险B款,健康保险-疾病保险-其它疾病保险,传统型产品,女性专属产品,个人,短期（一年及一年以下）,一次性交费,广电日生［2009］疾病保险078号,停售,2009-11-25,http://www.iachina.cn/IC/tkk/03/e588f316-43c7-4da2-bb6a-63c7ab84401e_TERMS.PDF
5b5313bdf1ad32a783dfae87,长生人寿保险有限公司,长生附加鑫天宁定期轻症疾病保险,健康保险-疾病保险-其它疾病保险,传统型产品,无,个人,长期（超过一年或含有保证续保条款）,分期交费一次性交费兼有,长生人寿［2012］疾病保险010号,停售,2014-02-17,http://www.iachina.cn/IC/tkk/03/6093933d-bfed-47ef-aaeb-7833ec89bbd0_TERMS.PDF
5b5313bdf1ad32a783dfae88,光大永明人寿保险有限公司,光大永明附加无忧女性疾病保险,健康保险-疾病保险-其它疾病保险,传统型产品,女性专属产品,个人,长期（超过一年或含有保证续保条款）,分期交费一次性交费兼有,光大永明人寿[2009]疾病保险057号,在售, ,http://www.iachina.cn/IC/tkk/03/491f2c4d-3a4a-42a7-82e9-0a021f327ab9_TERMS.PDF
5b5313bdf1ad32a783dfae89,光大永明人寿保险有限公司,光大永明附加无忧女性生育疾病保险,健康保险-疾病保险-其它疾病保险,传统型产品,女性专属产品,个人,长期（超过一年或含有保证续保条款）,分期交费一次性交费兼有,光大永明人寿[2009]疾病保险058号,在售, ,http://www.iachina.cn/IC/tkk/03/f733195b-eb7f-4f8e-a649-bf5b4f82359a_TERMS.PDF
5b5313bdf1ad32a783dfae8a,国华人寿保险股份有限公司,国华团体女性疾病保险,健康保险-非个人税收优惠型健康保险-疾病保险-其它疾病保险,传统型产品,女性专属产品,团体,短期（一年及一年以下）,一次性交费,国华人寿[2009]疾病保险061号,停售,2017-03-14,http://www.iachina.cn/IC/tkk/03/8c0ea132-dc6f-434f-8a0b-c56b395e859a_TERMS.PDF
5b5313bdf1ad32a783dfae8b,工银安盛人寿保险有限公司,金盛附加母婴保障疾病保险,健康保险-疾病保险-其它疾病保险,传统型产品,女性专属产品,个人,长期（超过一年或含有保证续保条款）,分期交费,金盛人寿〔2009〕疾病保险010号,停用,2012-07-09,http://www.iachina.cn/IC/tkk/03/c16b3588-9351-42bd-a8f9-c1d032952229_TERMS.PDF
5b5313bdf1ad32a783dfae8c,工银安盛人寿保险有限公司,金盛附加女性疾病保险,健康保险-疾病保险-其它疾病保险,传统型产品,女性专属产品,个人,长期（超过一年或含有保证续保条款）,分期交费,金盛人寿〔2009〕疾病保险009号,停用,2012-07-09,http://www.iachina.cn/IC/tkk/03/3803bc13-1d00-474c-8741-d662e34086bf_TERMS.PDF
5b5313bdf1ad32a783dfae8d,工银安盛人寿保险有限公司,工银安盛人寿附加女性疾病保险,健康保险-疾病保险-其它疾病保险,传统型产品,女性专属产品,个人,长期（超过一年或含有保证续保条款）,分期交费,工银安盛人寿〔2012〕疾病保险026号,停售,2015-07-02,http://www.iachina.cn/IC/tkk/03/b634759d-f54d-401d-8bd8-089116b4ef23_TERMS.PDF
5b5313bdf1ad32a783dfae8e,工银安盛人寿保险有限公司,工银安盛人寿附加母婴保障疾病保险,健康保险-疾病保险-其它疾病保险,传统型产品,女性专属产品,个人,长期（超过一年或含有保证续保条款）,分期交费,工银安盛人寿〔2012〕疾病保险027号,停售,2015-07-02,http://www.iachina.cn/IC/tkk/03/00862b14-e72c-49d4-9ab9-ad785ac88adb_TERMS.PDF
5b5313bdf1ad32a783dfae8f,恒安标准人寿保险有限公司,恒安标准女性安康团体疾病保险,健康保险-疾病保险-其它疾病保险,传统型产品,女性专属产品,团体,短期（一年及一年以下）,一次性交费,恒安标准人寿[2010]疾病保险032号,停用,2011-01-05,http://www.iachina.cn/IC/tkk/03/132f122a-858d-4ee8-96f2-fcfd8f953040_TERMS.PDF
5b5313bdf1ad32a783dfae90,恒安标准人寿保险有限公司,恒安标准女性安康团体疾病保险,健康保险-疾病保险-其它疾病保险,传统型产品,女性专属产品,团体,短期（一年及一年以下）,一次性交费,恒安标准人寿[2010]疾病保险043号,在售, ,http://www.iachina.cn/IC/tkk/03/fd048693-c59f-4cab-b146-5f504a4073aa_TERMS.PDF
5b5313bdf1ad32a783dfae91,同方全球人寿保险有限公司,海康附加轻症疾病保险,健康保险-疾病保险-其它疾病保险,传统型产品,无,个人,长期（超过一年或含有保证续保条款）,分期交费,海康人寿[2013]疾病保险003号,停用,2015-10-08,http://www.iachina.cn/IC/tkk/03/ea766b82-2242-4511-866f-90f31e7e7d1e_TERMS.PDF
5b5313bdf1ad32a783dfae92,华泰人寿保险股份有限公司,华泰人寿附加长期特定疾病保险,健康保险-疾病保险-其它疾病保险,传统型产品,无,个人,长期（超过一年或含有保证续保条款）,分期交费,华泰人寿[2012]疾病保险007号,在售, ,http://www.iachina.cn/IC/tkk/03/e3dbc0a2-832d-468c-97fb-565c5952750e_TERMS.PDF
5b5313bdf1ad32a783dfae93,华泰人寿保险股份有限公司,华泰人寿爱心希望少儿特定疾病保险,健康保险-疾病保险-其它疾病保险,传统型产品,少儿专属产品,个人,短期（一年及一年以下）,一次性交费,华泰人寿[2009]疾病保险001号,在售, ,http://www.iachina.cn/IC/tkk/03/42e532f3-9664-4a59-8bd0-7f8af3f35602_TERMS.PDF
5b5313bdf1ad32a783dfae94,华夏人寿保险股份有限公司,华夏禽流感安康疾病保险,健康保险-非个人税收优惠型健康保险-疾病保险-其它疾病保险,传统型产品,无,个人,短期（一年及一年以下）,一次性交费,华夏人寿[2013]疾病保险028号,停售,2017-05-27,http://www.iachina.cn/IC/tkk/03/6ff790bf-6b2b-4638-b651-f44ba54b1cf2_TERMS.PDF
5b5313bdf1ad32a783dfae95,华夏人寿保险股份有限公司,华夏女性团体疾病保险,健康保险-疾病保险-其它疾病保险,传统型产品,女性专属产品,团体,短期（一年及一年以下）,一次性交费,华夏人寿[2010]疾病保险006号,在售, ,http://www.iachina.cn/IC/tkk/03/4d8040d2-0599-46dd-b805-6e4f3a54ebd3_TERMS.PDF
5b5313bdf1ad32a783dfae96,吉祥人寿保险股份有限公司,吉祥人寿附加美满童年特定疾病保险,健康保险-非个人税收优惠型健康保险-疾病保险-其它疾病保险,传统型产品,少儿专属产品,个人,长期（超过一年或含有保证续保条款）,分期交费一次性交费兼有,吉祥人寿[2013]疾病保险061号,停售,2017-03-07,http://www.iachina.cn/IC/tkk/03/5a789c71-dfce-4a98-9a37-4b6daa3aaa8a_TERMS.PDF
5b5313bdf1ad32a783dfae97,吉祥人寿保险股份有限公司,吉祥人寿附加美满佳人女性疾病保险,健康保险-非个人税收优惠型健康保险-疾病保险-其它疾病保险,传统型产品,女性专属产品,个人,长期（超过一年或含有保证续保条款）,分期交费,吉祥人寿[2013]疾病保险005号,停售,2017-03-07,http://www.iachina.cn/IC/tkk/03/0bc0cc21-b977-4d08-9cc0-303ef5e8deb9_TERMS.PDF
5b5313bdf1ad32a783dfae98,交银康联人寿保险有限公司,交银康联附加安康一生长期疾病保险,健康保险-疾病保险-其它疾病保险,传统型产品,无,个人,长期（超过一年或含有保证续保条款）,分期交费,交银康联[2009]疾病保险035号,停用,2010-01-28,http://www.iachina.cn/IC/tkk/03/f3560dad-aeff-4b6d-9a28-acdaefb445ba_TERMS.PDF
5b5313bdf1ad32a783dfae99,交银康联人寿保险有限公司,交银康联附加女性疾病保险,健康保险-非个人税收优惠型健康保险-疾病保险-其它疾病保险,传统型产品,女性专属产品,个人,长期（超过一年或含有保证续保条款）,分期交费,交银康联[2010]疾病保险028号,停售,2017-04-14,http://www.iachina.cn/IC/tkk/03/afe99b55-1efd-4fb5-96cf-9bd24576b2c5_TERMS.PDF
5b5313bdf1ad32a783dfae9a,交银康联人寿保险有限公司,交银康联附加安康一生长期疾病保险,健康保险-非个人税收优惠型健康保险-疾病保险-其它疾病保险,传统型产品,无,个人,长期（超过一年或含有保证续保条款）,分期交费,交银康联[2010]疾病保险035号,停售,2017-04-14,http://www.iachina.cn/IC/tkk/03/3e241fe6-2d49-4a51-add5-98f9cd77a180_TERMS.PDF
5b5313bdf1ad32a783dfae9b,交银康联人寿保险有限公司,交银康联附加女性疾病保险,健康保险-疾病保险-其它疾病保险,传统型产品,女性专属产品,个人,长期（超过一年或含有保证续保条款）,分期交费,交银康联[2009]疾病保险023号,停用,2010-01-28,http://www.iachina.cn/IC/tkk/03/06bbf880-db1a-4c88-80ab-90b68eca6e16_TERMS.PDF
5b5313bdf1ad32a783dfae9c,交银康联人寿保险有限公司,交银康联附加交银园丁保疾病保险,健康保险-疾病保险-其它疾病保险,传统型产品,无,个人,长期（超过一年或含有保证续保条款）,分期交费一次性交费兼有,交银康联[2013]疾病保险033号,停售,2015-07-02,http://www.iachina.cn/IC/tkk/03/4f2afecf-74be-4a5f-bc57-1eea2af963e8_TERMS.PDF
5b5313bdf1ad32a783dfae9d,交银康联人寿保险有限公司,交银康联附加交银园丁保疾病保险,健康保险-疾病保险-其它疾病保险,传统型产品,无,个人,长期（超过一年或含有保证续保条款）,分期交费一次性交费兼有,交银康联[2013]疾病保险025号,停用,2013-12-07,http://www.iachina.cn/IC/tkk/03/38e9c728-2eea-45f2-8869-b17e47d34118_TERMS.PDF
5b5313bdf1ad32a783dfae9e,昆仑健康保险股份有限公司,昆仑健康保险股份有限公司健康宝肝疾病保险,健康保险-非个人税收优惠型健康保险-疾病保险-其它疾病保险,传统型产品,无,个人,短期（一年及一年以下）,一次性交费,昆仑健康[2009]疾病保险015号,停售,2017-02-14,http://www.iachina.cn/IC/tkk/03/f2b843b5-1ded-48a7-b828-2b7f1a039cd6_TERMS.PDF
5b5313bdf1ad32a783dfae9f,昆仑健康保险股份有限公司,昆仑康麟女性孕育疾病保险（A款）,健康保险-非个人税收优惠型健康保险-疾病保险-其它疾病保险,传统型产品,女性专属产品,个人,短期（一年及一年以下）,一次性交费,昆仑健康[2009]疾病保险038号,停售,2017-02-14,http://www.iachina.cn/IC/tkk/03/e59b8fb5-52d4-491c-8e7a-0025a583564d_TERMS.PDF
5b5313bdf1ad32a783dfaea0,昆仑健康保险股份有限公司,昆仑健康保险股份有限公司糖尿病人群终身疾病保险,健康保险-非个人税收优惠型健康保险-疾病保险-其它疾病保险,传统型产品,无,个人,长期（超过一年或含有保证续保条款）,分期交费一次性交费兼有,昆仑健康[2013]疾病保险010号,停售,2017-02-14,http://www.iachina.cn/IC/tkk/03/8774c3d7-b411-4f76-b289-40d27f831142_TERMS.PDF
5b5313bdf1ad32a783dfaea1,昆仑健康保险股份有限公司,昆仑健康保险股份有限公司附加安顺旅行突发急性疾病保险,健康保险-疾病保险-其它疾病保险,传统型产品,无,个人,短期（一年及一年以下）,一次性交费,昆仑健康[2013]疾病保险012号,停售,2015-07-28,http://www.iachina.cn/IC/tkk/03/7bcc469a-88bf-4eae-b0b7-5c8b77d49e42_TERMS.PDF
5b5313bdf1ad32a783dfaea2,昆仑健康保险股份有限公司,昆仑附加祥宁特别约定疾病保险,健康保险-非个人税收优惠型健康保险-疾病保险-其它疾病保险,传统型产品,无,个人,长期（超过一年或含有保证续保条款）,分期交费一次性交费兼有,昆仑健康[2009]疾病保险013号,停售,2017-02-14,http://www.iachina.cn/IC/tkk/03/5f3817b6-e7e3-4eec-bbef-c6645170a11b_TERMS.PDF
5b5313bdf1ad32a783dfaea3,同方全球人寿保险有限公司,海康附加「健康赢家」疾病保险,健康保险-疾病保险-其它疾病保险,传统型产品,无,个人,长期（超过一年或含有保证续保条款）,分期交费,海康人寿[2009]疾病保险014号,停用,2015-10-08,http://www.iachina.cn/IC/tkk/03/edc4fd26-2c22-4716-8a6d-5fc06afa81c4_TERMS.PDF
5b5313bdf1ad32a783dfaea4,同方全球人寿保险有限公司,海康附加「守护天使」女性疾病保险,健康保险-疾病保险-其它疾病保险,传统型产品,女性专属产品,个人,长期（超过一年或含有保证续保条款）,分期交费,海康人寿[2009]疾病保险024号,停用,2015-10-08,http://www.iachina.cn/IC/tkk/03/7f4ee4dc-fa5e-463e-b183-2ca29feaa267_TERMS.PDF
5b5313bdf1ad32a783dfaea5,同方全球人寿保险有限公司,海康附加「康乐无忧」特定疾病保险,健康保险-非个人税收优惠型健康保险-疾病保险-其它疾病保险,传统型产品,无,个人,长期（超过一年或含有保证续保条款）,分期交费,海康人寿[2010]疾病保险012号,停用,2016-07-20,http://www.iachina.cn/IC/tkk/03/525970a5-0d98-4f6f-aa6a-d4c37610fc92_TERMS.PDF
5b5313bdf1ad32a783dfaea6,昆仑健康保险股份有限公司,昆仑健康保险股份有限公司健康宝肝疾病团体疾病保险,健康保险-非个人税收优惠型健康保险-疾病保险-其它疾病保险,传统型产品,无,团体,短期（一年及一年以下）,一次性交费,昆仑健康[2009]疾病保险029号,停售,2018-07-18,http://www.iachina.cn/IC/tkk/03/17aca51c-e681-4b81-b883-fa825ca73e09_TERMS.PDF
5b5313bdf1ad32a783dfaea7,昆仑健康保险股份有限公司,昆仑健康保险股份有限公司甲型H1N1流感疾病保险,健康保险-非个人税收优惠型健康保险-疾病保险-其它疾病保险,传统型产品,无,个人,短期（一年及一年以下）,一次性交费,昆仑健康[2009]疾病保险049号,停售,2017-02-14,http://www.iachina.cn/IC/tkk/03/090cfdb5-8c88-410e-afb1-23b250dfb3ef_TERMS.PDF
5b5313bdf1ad32a783dfaea8,民生人寿保险股份有限公司,民生关爱小公民重大团体疾病保险,健康保险-非个人税收优惠型健康保险-疾病保险-其它疾病保险,传统型产品,无,团体,长期（超过一年或含有保证续保条款）,一次性交费,民生保险[2011]疾病保险076号,停售,2017-07-06,http://www.iachina.cn/IC/tkk/03/a86ec4d1-b832-4a74-92b6-e3d6efd6ed2e_TERMS.PDF
5b5313bdf1ad32a783dfaea9,生命人寿保险股份有限公司,生命永丽女性特有疾病保险,健康保险-非个人税收优惠型健康保险-疾病保险-其它疾病保险,传统型产品,女性专属产品,个人,短期（一年及一年以下）,一次性交费,生命人寿[2009]疾病保险051号,停用,2016-09-01,http://www.iachina.cn/IC/tkk/03/c3848453-81a6-40ad-bb21-df61857c9dcf_TERMS.PDF
5b5313bdf1ad32a783dfaeaa,瑞泰人寿保险有限公司,瑞泰因病全残团体疾病保险,健康保险-疾病保险-其它疾病保险,传统型产品,无,团体,短期（一年及一年以下）,一次性交费,瑞泰人寿[2011]疾病保险002号,在售, ,http://www.iachina.cn/IC/tkk/03/3c8335ca-cbdb-4b96-bf77-f9b64b199f6a_TERMS.PDF
5b5313bdf1ad32a783dfaeab,中意人寿保险有限公司,中意附加轻症疾病保险,健康保险-非个人税收优惠型健康保险-疾病保险-其它疾病保险,传统型产品,无,个人,长期（超过一年或含有保证续保条款）,分期交费一次性交费兼有,中意人寿[2012]疾病保险018号,停用,2016-05-06,http://www.iachina.cn/IC/tkk/03/fefa4eb4-e37d-4dc4-9e36-e44241df5dac_TERMS.PDF
5b5313bdf1ad32a783dfaeac,中意人寿保险有限公司,中意e路成长少儿疾病保险,健康保险-疾病保险-其它疾病保险,传统型产品,少儿专属产品,个人,短期（一年及一年以下）,一次性交费,中意人寿[2013]疾病保险024号,在售, ,http://www.iachina.cn/IC/tkk/03/e4e3854a-b43e-4411-a3d4-6ce83f118b3d_TERMS.PDF
5b5313bdf1ad32a783dfaead,中意人寿保险有限公司,中意附加至尊康逸行疾病保险,健康保险-疾病保险-其它疾病保险,传统型产品,无,个人,长期（超过一年或含有保证续保条款）,分期交费,中意人寿[2013]疾病保险012号,在售, ,http://www.iachina.cn/IC/tkk/03/d714caa6-94dc-4e83-a1e9-6dd9b0b258e8_TERMS.PDF
5b5313bdf1ad32a783dfaeae,中意人寿保险有限公司,中意附加e路成长少儿疾病保险,健康保险-疾病保险-其它疾病保险,传统型产品,少儿专属产品,个人,短期（一年及一年以下）,一次性交费,中意人寿[2013]疾病保险025号,在售, ,http://www.iachina.cn/IC/tkk/03/d55a35f1-9b38-4f23-9276-596f138d29b3_TERMS.PDF
5b5313bdf1ad32a783dfaeaf,中意人寿保险有限公司,中意附加百万宝贝专项疾病保险,健康保险-疾病保险-其它疾病保险,传统型产品,少儿专属产品,个人,长期（超过一年或含有保证续保条款）,一次性交费,中意人寿[2013]疾病保险008号,在售, ,http://www.iachina.cn/IC/tkk/03/c10d542e-3056-4389-a83b-ac4a3b46ecfe_TERMS.PDF
5b5313bdf1ad32a783dfaeb0,中意人寿保险有限公司,中意附加年年安康女性母爱疾病保险,健康保险-疾病保险-其它疾病保险,传统型产品,女性专属产品,个人,长期（超过一年或含有保证续保条款）,分期交费一次性交费兼有,中意人寿[2011]疾病保险026号,在售, ,http://www.iachina.cn/IC/tkk/03/b6b9ae11-ed33-4ca5-a052-531ed649ad23_TERMS.PDF
5b5313bdf1ad32a783dfaeb1,中意人寿保险有限公司,中意附加至尊康逸行女性母爱疾病保险,健康保险-疾病保险-其它疾病保险,传统型产品,女性专属产品,个人,长期（超过一年或含有保证续保条款）,分期交费,中意人寿[2013]疾病保险014号,在售, ,http://www.iachina.cn/IC/tkk/03/b0f45e90-bbd0-4885-8f65-ee42001ac23f_TERMS.PDF
5b5313bdf1ad32a783dfaeb2,中意人寿保险有限公司,中意附加康乐疾病保险,健康保险-疾病保险-其它疾病保险,传统型产品,无,个人,长期（超过一年或含有保证续保条款）,分期交费,中意人寿[2012]疾病保险021号,在售, ,http://www.iachina.cn/IC/tkk/03/a20013f1-cdd1-4a9d-a1ac-d3f718ba5372_TERMS.PDF
5b5313bdf1ad32a783dfaeb3,中意人寿保险有限公司,中意附加投保人子女生活保障疾病保险,健康保险-疾病保险-其它疾病保险,传统型产品,少儿专属产品,个人,长期（超过一年或含有保证续保条款）,分期交费一次性交费兼有,中意人寿[2011]疾病保险028号,在售, ,http://www.iachina.cn/IC/tkk/03/9c3b32b6-1571-4e5c-b891-aa6d65d72fee_TERMS.PDF
5b5313bdf1ad32a783dfaeb4,中意人寿保险有限公司,中意附加康乐豁免保险费疾病保险,健康保险-疾病保险-其它疾病保险,传统型产品,无,个人,长期（超过一年或含有保证续保条款）,分期交费,中意人寿[2012]疾病保险022号,在售, ,http://www.iachina.cn/IC/tkk/03/96923b34-be21-44be-a0c7-8a345f439258_TERMS.PDF
5b5313bdf1ad32a783dfaeb5,中意人寿保险有限公司,中意附加至尊康逸行女性疾病保险,健康保险-疾病保险-其它疾病保险,传统型产品,女性专属产品,个人,长期（超过一年或含有保证续保条款）,分期交费,中意人寿[2013]疾病保险013号,在售, ,http://www.iachina.cn/IC/tkk/03/63ede050-36b8-4b75-8ccf-19b5f91008d6_TERMS.PDF
5b5313bdf1ad32a783dfaeb6,中意人寿保险有限公司,中意昆仑安康团体疾病保险,健康保险-疾病保险-其它疾病保险,传统型产品,无,团体,短期（一年及一年以下）,一次性交费,中意人寿[2013]疾病保险028号,在售, ,http://www.iachina.cn/IC/tkk/03/5059e743-f37b-40bd-bfc4-77161d417690_TERMS.PDF
5b5313bdf1ad32a783dfaeb7,中意人寿保险有限公司,中意附加康逸行女性母爱疾病保险,健康保险-疾病保险-其它疾病保险,传统型产品,女性专属产品,个人,长期（超过一年或含有保证续保条款）,分期交费一次性交费兼有,中意人寿[2011]疾病保险048号,在售, ,http://www.iachina.cn/IC/tkk/03/4b2f7d6a-83a7-4d2f-9a3a-a0dbd730e640_TERMS.PDF
5b5313bdf1ad32a783dfaeb8,中意人寿保险有限公司,中意附加康逸行疾病保险,健康保险-疾病保险-其它疾病保险,传统型产品,无,个人,长期（超过一年或含有保证续保条款）,分期交费一次性交费兼有,中意人寿[2011]疾病保险046号,在售, ,http://www.iachina.cn/IC/tkk/03/48aed49a-826f-4aff-97d0-12b3d630df0c_TERMS.PDF
5b5313bdf1ad32a783dfaeb9,中意人寿保险有限公司,中意附加福康相伴疾病保险,健康保险-疾病保险-其它疾病保险,传统型产品,无,个人,长期（超过一年或含有保证续保条款）,分期交费一次性交费兼有,中意人寿[2012]疾病保险007号,在售, ,http://www.iachina.cn/IC/tkk/03/2bc77c31-6cc6-4768-b9fe-ea7ff5e2b9f2_TERMS.PDF
5b5313bdf1ad32a783dfaeba,中意人寿保险有限公司,中意附加康逸行女性疾病保险,健康保险-疾病保险-其它疾病保险,传统型产品,女性专属产品,个人,长期（超过一年或含有保证续保条款）,分期交费一次性交费兼有,中意人寿[2011]疾病保险047号,在售, ,http://www.iachina.cn/IC/tkk/03/1f006ba1-8394-43cd-be1f-ccef777ada82_TERMS.PDF
5b5313bdf1ad32a783dfaebb,泰康人寿保险有限责任公司,泰康乐顺女性疾病保险,健康保险-疾病保险-其它疾病保险,传统型产品,女性专属产品,个人,短期（一年及一年以下）,一次性交费,泰康人寿[2013]疾病保险005号,在售, ,http://www.iachina.cn/IC/tkk/03/75cb7a31-36b8-402a-a7fe-7788f0ae88d9_TERMS.PDF
5b5313bdf1ad32a783dfaebc,泰康人寿保险有限责任公司,泰康e康妇婴疾病保险,健康保险-疾病保险-其它疾病保险,传统型产品,女性专属产品,个人,短期（一年及一年以下）,一次性交费,泰康人寿[2011]疾病保险038号,在售, ,http://www.iachina.cn/IC/tkk/03/2e721d72-c4f0-4e71-909a-09b8dedf958b_TERMS.PDF
5b5313bdf1ad32a783dfaebd,泰康人寿保险有限责任公司,泰康附加少儿白血病疾病保险,健康保险-疾病保险-其它疾病保险,传统型产品,少儿专属产品,个人,长期（超过一年或含有保证续保条款）,分期交费,泰康人寿[2009]疾病保险152号,在售, ,http://www.iachina.cn/IC/tkk/03/4f43838f-e3d2-431b-91f4-c84ad24364ac_TERMS.PDF
5b5313bdf1ad32a783dfaebe,泰康人寿保险有限责任公司,泰康附加少儿特定疾病保险,健康保险-疾病保险-其它疾病保险,传统型产品,少儿专属产品,个人,长期（超过一年或含有保证续保条款）,分期交费一次性交费兼有,泰康人寿[2009]疾病保险114号,在售, ,http://www.iachina.cn/IC/tkk/03/45a81b2e-19d4-446d-811f-e691894294c7_TERMS.PDF
5b5313bdf1ad32a783dfaebf,泰康人寿保险有限责任公司,泰康e顺女性疾病保险,健康保险-疾病保险-其它疾病保险,传统型产品,女性专属产品,个人,短期（一年及一年以下）,一次性交费,泰康人寿[2010]疾病保险039号,在售, ,http://www.iachina.cn/IC/tkk/03/0a58ea75-da03-47a3-b4b1-4ea41c1a3908_TERMS.PDF
5b5313bdf1ad32a783dfaec0,太平养老保险股份有限公司,太平附加盛世团体婴儿特定疾病保险,健康保险-疾病保险-其它疾病保险,传统型产品,无,团体,短期（一年及一年以下）,一次性交费,太平养老[2010]疾病保险009号,在售, ,http://www.iachina.cn/IC/tkk/03/87c9752e-bd23-4eb6-a1e5-754f901945c0_TERMS.PDF
5b5313bdf1ad32a783dfaec1,太平养老保险股份有限公司,太平盛世团体艾滋病病毒感染疾病保险,健康保险-疾病保险-其它疾病保险,传统型产品,无,团体,短期（一年及一年以下）,一次性交费,太平养老[2010]疾病保险008号,在售, ,http://www.iachina.cn/IC/tkk/03/11d83c29-69f7-49cd-842c-7291a53d2167_TERMS.PDF
5b5313bdf1ad32a783dfaec2,太平养老保险股份有限公司,太平盛世团体女性疾病保险,健康保险-疾病保险-其它疾病保险,传统型产品,女性专属产品,团体,短期（一年及一年以下）,一次性交费,太平养老[2010]疾病保险010号,在售, ,http://www.iachina.cn/IC/tkk/03/05838b04-9073-45f8-872e-316375bb4da4_TERMS.PDF
5b5313bdf1ad32a783dfaec3,中意人寿保险有限公司,中意附加理财儿童疾病保险,健康保险-疾病保险-其它疾病保险,传统型产品,少儿专属产品,个人,长期（超过一年或含有保证续保条款）,灵活交费,中意人寿[2010]疾病保险005号,在售, ,http://www.iachina.cn/IC/tkk/03/f4fece26-5ae8-4c75-9739-06ba7f13632e_TERMS.PDF
5b5313bdf1ad32a783dfaec4,中意人寿保险有限公司,中意附加福裕相伴豁免保险费疾病保险A款,健康保险-疾病保险-其它疾病保险,传统型产品,无,个人,长期（超过一年或含有保证续保条款）,分期交费,中意人寿[2011]疾病保险019号,在售, ,http://www.iachina.cn/IC/tkk/03/e2345c2f-ede9-4529-a283-07dfd602fd4c_TERMS.PDF
5b5313bdf1ad32a783dfaec5,中意人寿保险有限公司,中意附加永康豁免保险费疾病保险,健康保险-疾病保险-其它疾病保险,传统型产品,无,个人,长期（超过一年或含有保证续保条款）,分期交费,中意人寿[2011]疾病保险032号,在售, ,http://www.iachina.cn/IC/tkk/03/496ee0ca-b839-469b-b278-a03ee07aaa5d_TERMS.PDF
5b5313bdf1ad32a783dfaec6,中意人寿保险有限公司,中意附加福裕相伴豁免保险费疾病保险B款,健康保险-疾病保险-其它疾病保险,传统型产品,无,个人,长期（超过一年或含有保证续保条款）,分期交费,中意人寿[2011]疾病保险005号,停用,2011-05-19,http://www.iachina.cn/IC/tkk/03/37ba6f23-bcfe-454b-be7f-e7310828f8ea_TERMS.PDF
5b5313bdf1ad32a783dfaec7,中意人寿保险有限公司,中意附加福裕相伴豁免保险费疾病保险A款,健康保险-疾病保险-其它疾病保险,传统型产品,无,个人,长期（超过一年或含有保证续保条款）,分期交费,中意人寿[2011]疾病保险004号,停用,2011-05-19,http://www.iachina.cn/IC/tkk/03/36cdf0e0-d075-4cfd-ae28-b4273dc58592_TERMS.PDF
5b5313bdf1ad32a783dfaec8,中意人寿保险有限公司,中意附加福裕相伴豁免保险费疾病保险B款,健康保险-疾病保险-其它疾病保险,传统型产品,无,个人,长期（超过一年或含有保证续保条款）,分期交费,中意人寿[2011]疾病保险020号,在售, ,http://www.iachina.cn/IC/tkk/03/2d4dd121-2bef-42f1-8796-cb76a73f65ee_TERMS.PDF
5b5313bdf1ad32a783dfaec9,中意人寿保险有限公司,中意附加年年安康疾病保险(A款),健康保险-疾病保险-其它疾病保险,传统型产品,无,个人,长期（超过一年或含有保证续保条款）,分期交费一次性交费兼有,中意人寿[2010]疾病保险010号,在售, ,http://www.iachina.cn/IC/tkk/03/1d0d58f9-64dc-4e52-bd6a-1c22ac3f5190_TERMS.PDF
5b5313bdf1ad32a783dfaeca,中意人寿保险有限公司,中意附加年年安康疾病保险,健康保险-疾病保险-其它疾病保险,传统型产品,无,个人,长期（超过一年或含有保证续保条款）,分期交费一次性交费兼有,中意人寿[2011]疾病保险024号,在售, ,http://www.iachina.cn/IC/tkk/03/0b991fe8-8d5c-4b38-8af4-e3c2e7c6cbdc_TERMS.PDF
5b5313bdf1ad32a783dfaecb,中意人寿保险有限公司,中意附加乐安福女性母爱疾病保险,健康保险-疾病保险-其它疾病保险,传统型产品,女性专属产品,个人,长期（超过一年或含有保证续保条款）,分期交费,中意人寿[2010]疾病保险030号,停用,2011-01-31,http://www.iachina.cn/IC/tkk/03/037565da-39e8-4a0a-bed5-2c153e994db3_TERMS.PDF
5b5313bdf1ad32a783dfaecc,中意人寿保险有限公司,中意附加儿童团体疾病保险,健康保险-疾病保险-其它疾病保险,传统型产品,少儿专属产品,团体,短期（一年及一年以下）,一次性交费,中意人寿[2009]疾病保险132号,在售, ,http://www.iachina.cn/IC/tkk/03/e81669dd-fe1f-48ed-a6a4-e407339e9fb7_TERMS.PDF
5b5313bdf1ad32a783dfaecd,中意人寿保险有限公司,中意附加女性疾病保障团体疾病保险,健康保险-疾病保险-其它疾病保险,传统型产品,女性专属产品,团体,短期（一年及一年以下）,一次性交费,中意人寿[2009]疾病保险133号,在售, ,http://www.iachina.cn/IC/tkk/03/87d07d06-5323-48e1-bdc4-cbe06de8a9b9_TERMS.PDF
5b5313bdf1ad32a783dfaece,中意人寿保险有限公司,中意附加年年安康女性母爱疾病保险,健康保险-疾病保险-其它疾病保险,传统型产品,女性专属产品,个人,长期（超过一年或含有保证续保条款）,分期交费一次性交费兼有,中意人寿[2009]疾病保险084号,停用,2011-08-09,http://www.iachina.cn/IC/tkk/03/baf95a59-483f-4f4a-90d0-2b62957a82a3_TERMS.PDF
5b5313bdf1ad32a783dfaecf,中意人寿保险有限公司,中意附加辉煌未来少儿疾病保险,健康保险-疾病保险-其它疾病保险,传统型产品,少儿专属产品,个人,长期（超过一年或含有保证续保条款）,分期交费,中意人寿[2009]疾病保险077号,在售, ,http://www.iachina.cn/IC/tkk/03/ba784b64-9df1-4fe6-8ae7-d42d55613251_TERMS.PDF
5b5313bdf1ad32a783dfaed0,中意人寿保险有限公司,中意附加理财儿童疾病保险,健康保险-疾病保险-其它疾病保险,新型产品,无,个人,长期（超过一年或含有保证续保条款）,分期交费,中意人寿[2009]疾病保险071号,停用,2010-01-12,http://www.iachina.cn/IC/tkk/03/924492f3-50f9-4565-b07a-1260f54e9d17_TERMS.PDF
5b5313bdf1ad32a783dfaed1,中意人寿保险有限公司,中意附加年年创意女性专项疾病保险,健康保险-疾病保险-其它疾病保险,新型产品,女性专属产品,个人,长期（超过一年或含有保证续保条款）,分期交费,中意人寿[2009]疾病保险093号,在售, ,http://www.iachina.cn/IC/tkk/03/8d72a5d3-a39f-4446-957d-cae6e30a906d_TERMS.PDF
5b5313bdf1ad32a783dfaed2,中意人寿保险有限公司,中意附加少儿疾病保险,健康保险-疾病保险-其它疾病保险,传统型产品,少儿专属产品,个人,长期（超过一年或含有保证续保条款）,分期交费,中意人寿[2009]疾病保险105号,在售, ,http://www.iachina.cn/IC/tkk/03/68920dcb-dd14-42b7-bee6-90c39ef22bf7_TERMS.PDF
5b5313bdf1ad32a783dfaed3,中意人寿保险有限公司,中意附加年年安康女性疾病保险,健康保险-疾病保险-其它疾病保险,传统型产品,女性专属产品,个人,长期（超过一年或含有保证续保条款）,分期交费一次性交费兼有,中意人寿[2009]疾病保险083号,停用,2011-08-09,http://www.iachina.cn/IC/tkk/03/65ce4d06-c2df-4d84-940d-a2b630a87166_TERMS.PDF
5b5313bdf1ad32a783dfaed4,中意人寿保险有限公司,中意附加瑞利年年疾病保险,健康保险-疾病保险-其它疾病保险,传统型产品,无,个人,长期（超过一年或含有保证续保条款）,分期交费,中意人寿[2009]疾病保险023号,在售, ,http://www.iachina.cn/IC/tkk/03/52906724-07d7-427f-8756-ba50f4338f1f_TERMS.PDF
5b5313bdf1ad32a783dfaed5,中意人寿保险有限公司,中意附加儿童疾病保险,健康保险-疾病保险-其它疾病保险,传统型产品,少儿专属产品,个人,长期（超过一年或含有保证续保条款）,分期交费一次性交费兼有,中意人寿[2009]疾病保险052号,在售, ,http://www.iachina.cn/IC/tkk/03/2c22cc4d-6744-4a6f-94a4-a94aae32da54_TERMS.PDF
5b5313bdf1ad32a783dfaed6,太平人寿保险有限公司,太平附加团体婴儿特定疾病保险,健康保险-疾病保险-其它疾病保险,传统型产品,无,团体,短期（一年及一年以下）,一次性交费,太平人寿[2009]疾病保险044号,在售, ,http://www.iachina.cn/IC/tkk/03/a0dcd2e2-0ef2-4e2f-9043-1c2d53081f47_TERMS.PDF
5b5313bdf1ad32a783dfaed7,中意人寿保险有限公司,中意附加豁免保险费疾病保险,健康保险-疾病保险-其它疾病保险,传统型产品,无,个人,长期（超过一年或含有保证续保条款）,分期交费,中意人寿[2011]疾病保险031号,在售, ,http://www.iachina.cn/IC/tkk/03/94eca063-9dec-4ea3-b8bb-1b2dfcf03a63_TERMS.PDF
5b5313bdf1ad32a783dfaed8,中意人寿保险有限公司,中意附加乐安福女性母爱疾病保险,健康保险-疾病保险-其它疾病保险,传统型产品,女性专属产品,个人,长期（超过一年或含有保证续保条款）,分期交费,中意人寿[2011]疾病保险009号,在售, ,http://www.iachina.cn/IC/tkk/03/932f7423-4863-46f8-87fe-fed9ed63e82e_TERMS.PDF
5b5313bdf1ad32a783dfaed9,中意人寿保险有限公司,中意附加年年安康女性疾病保险,健康保险-疾病保险-其它疾病保险,传统型产品,女性专属产品,个人,长期（超过一年或含有保证续保条款）,分期交费一次性交费兼有,中意人寿[2011]疾病保险025号,在售, ,http://www.iachina.cn/IC/tkk/03/4ce87aef-c1cb-4732-886e-828da7578a0d_TERMS.PDF
5b5313bdf1ad32a783dfaeda,太平人寿保险有限公司,太平团体艾滋病病毒感染疾病保险,健康保险-疾病保险-其它疾病保险,传统型产品,无,团体,短期（一年及一年以下）,一次性交费,太平人寿[2009]疾病保险045号,在售, ,http://www.iachina.cn/IC/tkk/03/4d4d59df-da94-4435-9b88-63d485609dc9_TERMS.PDF
5b5313bdf1ad32a783dfaedb,太平人寿保险有限公司,太平团体女性疾病保险,健康保险-疾病保险-其它疾病保险,传统型产品,女性专属产品,团体,短期（一年及一年以下）,一次性交费,太平人寿[2009]疾病保险040号,在售, ,http://www.iachina.cn/IC/tkk/03/2d970023-710a-48a4-929c-77fd2b7e7c48_TERMS.PDF
5b5313bdf1ad32a783dfaedc,太平人寿保险有限公司,太平康颐特种疾病保险,健康保险-非个人税收优惠型健康保险-疾病保险-其它疾病保险,传统型产品,无,个人,长期（超过一年或含有保证续保条款）,分期交费一次性交费兼有,太平人寿[2012]疾病保险006号,停售,2017-05-05,http://www.iachina.cn/IC/tkk/03/6f156e9e-1a94-4915-aeea-4cc7932670cc_TERMS.PDF
5b5313bdf1ad32a783dfaedd,信诚人寿保险有限公司,信诚附加「及时予」长期疾病保险C款,健康保险-疾病保险-其它疾病保险,传统型产品,无,个人,长期（超过一年或含有保证续保条款）,分期交费一次性交费兼有,信诚人寿[2013]其它疾病保险021号,在售, ,http://www.iachina.cn/IC/tkk/03/ea94ae12-9e15-4f7b-9944-656626336b2f_TERMS.PDF
5b5313bdf1ad32a783dfaede,信诚人寿保险有限公司,信诚附加至尊「悦・享」长期疾病保险,健康保险-疾病保险-其它疾病保险,传统型产品,无,个人,长期（超过一年或含有保证续保条款）,分期交费,信诚人寿[2012]其它疾病保险021号,在售, ,http://www.iachina.cn/IC/tkk/03/c905c947-d233-47b2-8435-2b467c093e1f_TERMS.PDF
5b5313bdf1ad32a783dfaedf,幸福人寿保险股份有限公司,幸福玫瑰人生团体女性疾病保险,健康保险-疾病保险-其它疾病保险,传统型产品,女性专属产品,团体,短期（一年及一年以下）,一次性交费,幸福人寿�z2013�{疾病保险014号,在售, ,http://www.iachina.cn/IC/tkk/03/a497d6b7-dbe6-47c2-b6f8-9ae6d3e54c9f_TERMS.PDF
5b5313bdf1ad32a783dfaee0,幸福人寿保险股份有限公司,幸福玫瑰人生团体女性疾病保险,健康保险-疾病保险-其它疾病保险,传统型产品,女性专属产品,团体,短期（一年及一年以下）,一次性交费,幸福人寿�z2009�{疾病保险046号,停用,2013-04-22,http://www.iachina.cn/IC/tkk/03/6dd620db-fc9f-450b-878b-498a70bc40c7_TERMS.PDF
5b5313bdf1ad32a783dfaee1,友邦保险有限公司上海分公司（代表友邦在华各分支公司）,友邦附加职业病团体疾病保险,健康保险-疾病保险-其它疾病保险,传统型产品,无,团体,短期（一年及一年以下）,分期交费,友邦保险[2009]疾病保险251号,停售,2014-01-01,http://www.iachina.cn/IC/tkk/03/17c807d2-1594-4231-9839-5800ab701380_TERMS.PDF
5b5313bdf1ad32a783dfaee2,友邦保险有限公司上海分公司（代表友邦在华各分支公司）,友邦附加守卫人生乐惠疾病保险,健康保险-非个人税收优惠型健康保险-疾病保险-其它疾病保险,传统型产品,无,个人,长期（超过一年或含有保证续保条款）,分期交费,友邦保险[2012]疾病保险009号,停售,2017-04-06,http://www.iachina.cn/IC/tkk/03/fb4cb205-1e3a-4568-a1d7-105258308447_TERMS.PDF
5b5313bdf1ad32a783dfaee3,友邦保险有限公司上海分公司（代表友邦在华各分支公司）,友邦尊享全佑一生六合一疾病保险,健康保险-疾病保险-其它疾病保险,传统型产品,无,个人,长期（超过一年或含有保证续保条款）,分期交费,友邦保险[2011]疾病保险012号,在售, ,http://www.iachina.cn/IC/tkk/03/f3f0f62d-8c94-4c04-895b-4a492e7528bd_TERMS.PDF
5b5313bdf1ad32a783dfaee4,友邦保险有限公司上海分公司（代表友邦在华各分支公司）,友邦尊享全佑一生“五合一”疾病保险,健康保险-疾病保险-其它疾病保险,传统型产品,无,个人,长期（超过一年或含有保证续保条款）,分期交费,友邦保险[2012]疾病保险024号,在售, ,http://www.iachina.cn/IC/tkk/03/b8ef2ccd-6e79-40c9-a20f-51f0dce5d18b_TERMS.PDF
5b5313bdf1ad32a783dfaee5,友邦保险有限公司上海分公司（代表友邦在华各分支公司）,友邦附加双盈人生II豁免保险费疾病保险,健康保险-疾病保险-其它疾病保险,传统型产品,无,个人,长期（超过一年或含有保证续保条款）,分期交费,友邦保险[2012]疾病保险022号,在售, ,http://www.iachina.cn/IC/tkk/03/ac30205c-1e13-42e9-93b5-244694938eac_TERMS.PDF
5b5313bdf1ad32a783dfaee6,友邦保险有限公司上海分公司（代表友邦在华各分支公司）,友邦附加守护神乐惠疾病保险,健康保险-非个人税收优惠型健康保险-疾病保险-其它疾病保险,传统型产品,无,个人,长期（超过一年或含有保证续保条款）,分期交费,友邦保险[2012]疾病保险020号,停售,2017-04-06,http://www.iachina.cn/IC/tkk/03/a273faed-69c6-4c20-8860-db84eaba54c6_TERMS.PDF
5b5313bdf1ad32a783dfaee7,友邦保险有限公司上海分公司（代表友邦在华各分支公司）,友邦全佑一生七合一疾病保险,健康保险-疾病保险-其它疾病保险,传统型产品,无,个人,长期（超过一年或含有保证续保条款）,分期交费,友邦保险[2012]疾病保险017号,在售, ,http://www.iachina.cn/IC/tkk/03/927edc71-56ef-4d24-bfb4-4a948e3e8dbf_TERMS.PDF
5b5313bdf1ad32a783dfaee8,友邦保险有限公司上海分公司（代表友邦在华各分支公司）,友邦乐惠一生五合一疾病保险,健康保险-疾病保险-其它疾病保险,传统型产品,无,个人,长期（超过一年或含有保证续保条款）,分期交费,友邦保险[2010]疾病保险058号,在售, ,http://www.iachina.cn/IC/tkk/03/855ecec5-8d1e-45d1-962d-ec00ac33ce96_TERMS.PDF
5b5313bdf1ad32a783dfaee9,友邦保险有限公司上海分公司（代表友邦在华各分支公司）,友邦附加守御神乐惠疾病保险,健康保险-非个人税收优惠型健康保险-疾病保险-其它疾病保险,传统型产品,无,个人,长期（超过一年或含有保证续保条款）,分期交费,友邦保险[2012]疾病保险010号,停售,2017-04-06,http://www.iachina.cn/IC/tkk/03/8441474f-e94e-4297-ae5a-d20a547b97b8_TERMS.PDF
5b5313bdf1ad32a783dfaeea,友邦保险有限公司上海分公司（代表友邦在华各分支公司）,友邦附加添馨女性疾病保险,健康保险-非个人税收优惠型健康保险-疾病保险-其它疾病保险,传统型产品,女性专属产品,个人,长期（超过一年或含有保证续保条款）,分期交费,友邦保险[2010]疾病保险031号,停售,2018-05-07,http://www.iachina.cn/IC/tkk/03/7f1867ae-710c-47e4-9859-ae88db79ef0b_TERMS.PDF
5b5313bdf1ad32a783dfaeeb,友邦保险有限公司上海分公司（代表友邦在华各分支公司）,友邦附加乐惠疾病保险,健康保险-非个人税收优惠型健康保险-疾病保险-其它疾病保险,传统型产品,无,个人,长期（超过一年或含有保证续保条款）,分期交费,友邦保险[2012]疾病保险019号,停售,2017-04-06,http://www.iachina.cn/IC/tkk/03/54d79f21-2e83-43f0-a0dc-9375cffcc844_TERMS.PDF
5b5313bdf1ad32a783dfaeec,友邦保险有限公司上海分公司（代表友邦在华各分支公司）,友邦附加五合一儿童豁免保险费疾病保险,健康保险-疾病保险-其它疾病保险,传统型产品,无,个人,长期（超过一年或含有保证续保条款）,分期交费,友邦保险[2012]疾病保险016号,在售, ,http://www.iachina.cn/IC/tkk/03/411d54e9-440d-43ee-bd4e-fda47de304de_TERMS.PDF
5b5313bdf1ad32a783dfaeed,友邦保险有限公司上海分公司（代表友邦在华各分支公司）,友邦关爱一生五合一疾病保险,健康保险-疾病保险-其它疾病保险,传统型产品,无,个人,长期（超过一年或含有保证续保条款）,分期交费,友邦保险[2010]疾病保险047号,在售, ,http://www.iachina.cn/IC/tkk/03/3b7e886c-1a09-42be-bfc2-fd5dc9faa84c_TERMS.PDF
5b5313bdf1ad32a783dfaeee,友邦保险有限公司上海分公司（代表友邦在华各分支公司）,友邦全佑一生六合一疾病保险,健康保险-疾病保险-其它疾病保险,传统型产品,无,个人,长期（超过一年或含有保证续保条款）,分期交费,友邦保险[2011]疾病保险010号,在售, ,http://www.iachina.cn/IC/tkk/03/2e2db86a-ad09-4773-becc-f44c4be58dd0_TERMS.PDF
5b5313bdf1ad32a783dfaeef,友邦保险有限公司上海分公司（代表友邦在华各分支公司）,友邦全佑一生五合一疾病保险,健康保险-疾病保险-其它疾病保险,传统型产品,无,个人,长期（超过一年或含有保证续保条款）,分期交费,友邦保险[2010]疾病保险042号,在售, ,http://www.iachina.cn/IC/tkk/03/2334db97-74f1-4d7e-9cc9-b927c3fd61da_TERMS.PDF
5b5313bdf1ad32a783dfaef0,友邦保险有限公司上海分公司（代表友邦在华各分支公司）,友邦附加五合一儿童豁免保险费疾病保险,健康保险-疾病保险-其它疾病保险,传统型产品,无,个人,长期（超过一年或含有保证续保条款）,分期交费,友邦保险[2010]疾病保险063号,停用,2012-07-12,http://www.iachina.cn/IC/tkk/03/065d19a4-2189-47fb-8c9e-0e5448f151ae_TERMS.PDF
5b5313bdf1ad32a783dfaef1,信诚人寿保险有限公司,信诚附加「及时予」长期疾病保险B款,健康保险-疾病保险-其它疾病保险,传统型产品,无,个人,长期（超过一年或含有保证续保条款）,分期交费一次性交费兼有,信诚人寿[2010]其它疾病保险014号,停售,2013-01-05,http://www.iachina.cn/IC/tkk/03/a9ff49e5-15ce-49d3-aac8-ab15d3be92fd_TERMS.PDF
5b5313bdf1ad32a783dfaef2,信诚人寿保险有限公司,信诚附加「安心倚」长期健康保险,健康保险-疾病保险-其它疾病保险,传统型产品,无,个人,长期（超过一年或含有保证续保条款）,分期交费,信诚人寿[2009]其它疾病保险088号,在售, ,http://www.iachina.cn/IC/tkk/03/750e74a1-94c5-4984-8b03-bd067db806ce_TERMS.PDF
5b5313bdf1ad32a783dfaef3,信诚人寿保险有限公司,信诚附加「及时予」长期疾病保险C款,健康保险-疾病保险-其它疾病保险,传统型产品,无,个人,长期（超过一年或含有保证续保条款）,分期交费一次性交费兼有,信诚人寿[2012]其它疾病保险005号,在售, ,http://www.iachina.cn/IC/tkk/03/1c3ddb74-659a-4201-87a3-b1c46f036aee_TERMS.PDF
5b5313bdf1ad32a783dfaef4,友邦保险有限公司上海分公司（代表友邦在华各分支公司）,友邦全佑一生(乐成长版)疾病保险,健康保险-疾病保险-其它疾病保险,传统型产品,无,个人,长期（超过一年或含有保证续保条款）,分期交费,友邦保险[2013]疾病保险033号,在售, ,http://www.iachina.cn/IC/tkk/03/c0f5a66c-3240-4b9a-98bf-eb466c6ef277_TERMS.PDF
5b5313bdf1ad32a783dfaef5,友邦保险有限公司上海分公司（代表友邦在华各分支公司）,友邦全佑一生“六合一”加强版疾病保险,健康保险-疾病保险-其它疾病保险,传统型产品,无,个人,长期（超过一年或含有保证续保条款）,分期交费,友邦保险[2013]疾病保险018号,在售, ,http://www.iachina.cn/IC/tkk/03/3dbb846b-ee0e-456a-bee7-3a02a04dde19_TERMS.PDF
5b5313bdf1ad32a783dfaef6,友邦保险有限公司上海分公司（代表友邦在华各分支公司）,友邦尊享全佑一生(乐成长版)疾病保险,健康保险-疾病保险-其它疾病保险,传统型产品,无,个人,长期（超过一年或含有保证续保条款）,分期交费,友邦保险[2013]疾病保险034号,在售, ,http://www.iachina.cn/IC/tkk/03/3a0b8049-0a94-47e0-a060-376350514d8c_TERMS.PDF
5b5313bdf1ad32a783dfaef7,英大泰和人寿保险股份有限公司,英大人寿女性团体疾病保险,其它疾病保险,普通型,女性专属产品,团体,短期（一年及一年以下）,一次性交费,英大人寿[2009]疾病保险057号,停用,2017-04-11,http://www.iachina.cn/IC/tkk/03/cf6e6696-ddda-4425-ad8a-428a857b32e4_TERMS.PDF
5b5313bdf1ad32a783dfaef8,英大泰和人寿保险股份有限公司,英大健和团体疾病保险,健康保险-非个人税收优惠型健康保险-疾病保险-其它疾病保险,传统型产品,无,团体,短期（一年及一年以下）,一次性交费,英大人寿[2012]疾病保险004号,停用,2016-05-26,http://www.iachina.cn/IC/tkk/03/b1e0ea24-e5ef-4673-a7eb-6d974652426a_TERMS.PDF
5b5313bdf1ad32a783dfaef9,中国平安人寿保险股份有限公司,平安附加生命尊严终末期疾病保险,健康保险-疾病保险-其它疾病保险,传统型产品,无,个人,长期（超过一年或含有保证续保条款）,分期交费,平安人寿[2009]疾病保险072号,在售, ,http://www.iachina.cn/IC/tkk/03/1c376bb5-427c-4ca0-817c-8e687b0a9ec5_TERMS.PDF
5b5313bdf1ad32a783dfaefa,中国太平洋人寿保险股份有限公司,计划生育手术疾病保险,健康保险-疾病保险-其它疾病保险,传统型产品,无,个人,短期（一年及一年以下）,一次性交费,太平洋人寿[2009]疾病保险065号,在售, ,http://www.iachina.cn/IC/tkk/03/c660f6fe-2775-45d5-b8ba-df9e983def09_TERMS.PDF
5b5313bdf1ad32a783dfaefb,中国太平洋人寿保险股份有限公司,优生优育疾病保险,健康保险-疾病保险-其它疾病保险,传统型产品,无,个人,短期（一年及一年以下）,一次性交费,太平洋人寿[2009]疾病保险045号,在售, ,http://www.iachina.cn/IC/tkk/03/ac87ddc8-ad4c-41fd-a521-25258db2a00d_TERMS.PDF
5b5313bdf1ad32a783dfaefc,中国太平洋人寿保险股份有限公司,附加母婴安康疾病保险,健康保险-非个人税收优惠型健康保险-疾病保险-其它疾病保险,传统型产品,女性专属产品,个人,短期（一年及一年以下）,一次性交费,太平洋人寿[2009]疾病保险050号,停售,2017-04-25,http://www.iachina.cn/IC/tkk/03/40d97ee9-7066-45a0-8b2a-e5d8726cb4ac_TERMS.PDF
5b5313bdf1ad32a783dfaefd,中国太平洋人寿保险股份有限公司,附加阳光丽人疾病保险,健康保险-非个人税收优惠型健康保险-疾病保险-其它疾病保险,传统型产品,女性专属产品,个人,长期（超过一年或含有保证续保条款）,分期交费一次性交费兼有,太平洋人寿[2009]疾病保险083号,停售,2017-04-25,http://www.iachina.cn/IC/tkk/03/2741e0ad-f560-4d64-9a3e-11cbffa3d3c0_TERMS.PDF
5b5313bdf1ad32a783dfaefe,中国太平洋人寿保险股份有限公司,优生优育疾病保险（B款）,健康保险-疾病保险-其它疾病保险,传统型产品,女性专属产品,个人,短期（一年及一年以下）,一次性交费,太平洋人寿[2012]疾病保险009号,在售, ,http://www.iachina.cn/IC/tkk/03/c0c23c80-bc7f-4d55-8116-fe0a48639883_TERMS.PDF
5b5313bdf1ad32a783dfaeff,中国太平洋人寿保险股份有限公司,突发急性病定期寿险,健康保险-非个人税收优惠型健康保险-疾病保险-其它疾病保险,传统型产品,无,个人,短期（一年及一年以下）,一次性交费,太平洋人寿[2011]定期寿险003号,停售,2017-04-25,http://www.iachina.cn/IC/tkk/03/838f9e61-aad8-4218-812c-eb823e5fa616_TERMS.PDF
5b5313bdf1ad32a783dfaf00,中国太平洋人寿保险股份有限公司,妇女团体疾病保险,健康保险-疾病保险-其它疾病保险,传统型产品,女性专属产品,团体,短期（一年及一年以下）,一次性交费,太平洋人寿[2009]疾病保险074号,在售, ,http://www.iachina.cn/IC/tkk/03/7aa99dd0-cda1-4b02-96cc-afd5db9d6e01_TERMS.PDF
5b5313bdf1ad32a783dfaf01,中国太平洋人寿保险股份有限公司,附加母子福利疾病保险,健康保险-非个人税收优惠型健康保险-疾病保险-其它疾病保险,传统型产品,无,个人,长期（超过一年或含有保证续保条款）,一次性交费,太平洋人寿[2009]疾病保险139号,停售,2017-04-25,http://www.iachina.cn/IC/tkk/03/6b5b889a-ea8b-4e00-91ce-fad14d2deb07_TERMS.PDF
5b5313bdf1ad32a783dfaf02,中国太平洋人寿保险股份有限公司,附加癌症保险费豁免疾病保险,健康保险-非个人税收优惠型健康保险-疾病保险-其它疾病保险,传统型产品,无,个人,长期（超过一年或含有保证续保条款）,分期交费一次性交费兼有,太平洋人寿[2012]疾病保险024号,停售,2017-04-25,http://www.iachina.cn/IC/tkk/03/05ffe7fc-f4eb-4903-a959-42b30d4b59dd_TERMS.PDF
5b5313bdf1ad32a783dfaf03,中荷人寿保险有限公司,中荷附加女性疾病保险,健康保险-非个人税收优惠型健康保险-疾病保险-其它疾病保险,传统型产品,女性专属产品,个人,长期（超过一年或含有保证续保条款）,分期交费,中荷人寿【2011】疾病保险012号,停售,2017-05-27,http://www.iachina.cn/IC/tkk/03/6326a777-4f9b-4ebe-8dcb-a58ec278aacc_TERMS.PDF
5b5313bdf1ad32a783dfaf04,中国人民人寿保险股份有限公司,人保寿险附加美丽一生女性特定疾病保险,健康保险-疾病保险-其它疾病保险,传统型产品,女性专属产品,个人,长期（超过一年或含有保证续保条款）,分期交费一次性交费兼有,人保寿险[2014]疾病保险007号,在售, ,http://www.iachina.cn/IC/tkk/03/d69885ab-bada-4a2e-8697-c5756369c900_TERMS.PDF
5b5313bdf1ad32a783dfaf05,中国人民人寿保险股份有限公司,人保寿险团体女性特定疾病保险,健康保险-疾病保险-其它疾病保险,传统型产品,女性专属产品,团体,短期（一年及一年以下）,一次性交费,人保寿险[2014]疾病保险001号,在售, ,http://www.iachina.cn/IC/tkk/03/40d23ef4-f0e2-4e57-89bb-65b7fa393d03_TERMS.PDF
5b5313bdf1ad32a783dfaf06,中国人民人寿保险股份有限公司,人保寿险附加精心优选提前给付全残疾病保险,健康保险-非个人税收优惠型健康保险-疾病保险-其它疾病保险,传统型产品,无,个人,长期（超过一年或含有保证续保条款）,分期交费一次性交费兼有,人保寿险[2012]疾病保险026号,停售,2017-10-19,http://www.iachina.cn/IC/tkk/03/afef15b6-6d9f-43af-b604-24fe1fa4ae89_TERMS.PDF
5b5313bdf1ad32a783dfaf07,中宏人寿保险有限公司,中宏附加长期妊娠期疾病与新生儿疾病保险,健康保险-非个人税收优惠型健康保险-疾病保险-其它疾病保险,传统型产品,女性专属产品,个人,长期（超过一年或含有保证续保条款）,分期交费,中宏人寿[2009]疾病保险020号,停售,2017-05-08,http://www.iachina.cn/IC/tkk/03/31da090c-f8c1-403e-86f5-f01f4b24a001_TERMS.PDF
5b5313bdf1ad32a783dfaf08,太平人寿保险有限公司,太平康复关爱A款疾病保险,健康保险-非个人税收优惠型健康保险-疾病保险-其它疾病保险,传统型产品,无,个人,长期（超过一年或含有保证续保条款）,分期交费一次性交费兼有,太平人寿[2014]疾病保险010号,停售,2017-05-05,http://www.iachina.cn/IC/tkk/03/a9e48c05-8ee3-4765-acc1-0ce7e0373f4d_TERMS.PDF
5b5313bdf1ad32a783dfaf09,太平人寿保险有限公司,太平康复关爱B款疾病保险,健康保险-非个人税收优惠型健康保险-疾病保险-其它疾病保险,传统型产品,无,个人,长期（超过一年或含有保证续保条款）,分期交费一次性交费兼有,太平人寿[2014]疾病保险011号,停售,2017-05-05,http://www.iachina.cn/IC/tkk/03/1329d897-d1b9-4a87-b411-cb8f13c04c7b_TERMS.PDF
5b5313bdf1ad32a783dfaf0a,中意人寿保险有限公司,中意e心关爱专项疾病保险（A款）,健康保险-疾病保险-其它疾病保险,传统型产品,无,个人,短期（一年及一年以下）,一次性交费,中意人寿[2014]疾病保险050号,在售, ,http://www.iachina.cn/IC/tkk/03/f454253b-bf6a-4d8a-89a8-c7c311b4ce25_TERMS.PDF
5b5313bdf1ad32a783dfaf0b,中德安联人寿保险有限公司,安联附加安康伊人女性疾病保险,健康保险-疾病保险-其它疾病保险,传统型产品,女性专属产品,个人,短期（一年及一年以下）,一次性交费,中德安联人寿[2010]其他疾病保险040号,在售, ,http://www.iachina.cn/IC/tkk/03/e899dce0-9631-4d93-a22a-ae8a11697324_TERMS.PDF
5b5313bdf1ad32a783dfaf0c,中德安联人寿保险有限公司,安联附加安康逸生轻症重疾疾病保险（B款）,健康保险-疾病保险-其它疾病保险,传统型产品,无,个人,长期（超过一年或含有保证续保条款）,分期交费一次性交费兼有,中德安联人寿[2013]其他疾病保险230号,在售, ,http://www.iachina.cn/IC/tkk/03/ac406509-5fa7-499c-9817-37042dfc0381_TERMS.PDF
5b5313bdf1ad32a783dfaf0d,中德安联人寿保险有限公司,安联附加安康逸生轻症重疾疾病保险,健康保险-疾病保险-其它疾病保险,传统型产品,无,个人,长期（超过一年或含有保证续保条款）,分期交费一次性交费兼有,中德安联人寿[2012]其他疾病保险016号,停售,2013-10-16,http://www.iachina.cn/IC/tkk/03/256b69b1-918c-457c-950b-b651d270ebdc_TERMS.PDF
5b5313bdf1ad32a783dfaf0e,中意人寿保险有限公司,中意e心关爱专项疾病保险（B款）,健康保险-疾病保险-其它疾病保险,传统型产品,无,个人,短期（一年及一年以下）,一次性交费,中意人寿[2014]疾病保险051号,在售, ,http://www.iachina.cn/IC/tkk/03/d803e068-dce4-4140-b165-96d5e0f26a5b_TERMS.PDF
5b5313bdf1ad32a783dfaf0f,北大方正人寿保险有限公司,附加康顺轻症疾病保险,健康保险-非个人税收优惠型健康保险-疾病保险-其它疾病保险,传统型产品,无,个人,长期（超过一年或含有保证续保条款）,分期交费,北大方正人寿[2014]疾病保险005号,停售,2017-04-10,http://www.iachina.cn/IC/tkk/03/7c5bece9-e400-403d-9cf5-1fa4559851b6_TERMS.PDF
5b5313bdf1ad32a783dfaf10,长生人寿保险有限公司,长生附加鑫天宁轻症疾病保险B款,健康保险-非个人税收优惠型健康保险-疾病保险-其它疾病保险,传统型产品,无,个人,长期（超过一年或含有保证续保条款）,分期交费一次性交费兼有,长生人寿［2014］疾病保险006号,停售,2017-03-31,http://www.iachina.cn/IC/tkk/03/d0403c68-3429-4243-9455-197af8854ee8_TERMS.PDF
5b5313bdf1ad32a783dfaf11,华泰人寿保险股份有限公司,华泰人寿附加额外给付特定癌症疾病保险,健康保险-疾病保险-其它疾病保险,传统型产品,无,个人,长期（超过一年或含有保证续保条款）,分期交费一次性交费兼有,华泰人寿[2014]疾病保险004号,停售,2014-08-06,http://www.iachina.cn/IC/tkk/03/dd497d28-b960-4300-adad-718c5216f928_TERMS.PDF
5b5313bdf1ad32a783dfaf12,中国人寿保险股份有限公司,国寿女性安康团体疾病保险（A款）,健康保险-疾病保险-其它疾病保险,传统型产品,女性专属产品,团体,短期（一年及一年以下）,一次性交费,中国人寿〔2009〕疾病保险149号,在售, ,http://www.iachina.cn/IC/tkk/03/a6fcdf57-4e9a-4ba7-ba7d-98b6a7ddf7b3_TERMS.PDF
5b5313bdf1ad32a783dfaf13,中国人寿保险股份有限公司,国寿关爱生命女性疾病保险（A）,健康保险-疾病保险-其它疾病保险,传统型产品,女性专属产品,个人,长期（超过一年或含有保证续保条款）,分期交费一次性交费兼有,中国人寿〔2009〕疾病保险080号,在售, ,http://www.iachina.cn/IC/tkk/03/aa8d1481-8ab1-4d67-b6d6-c16ce3c67361_TERMS.PDF
5b5313bdf1ad32a783dfaf14,中国人寿保险股份有限公司,国寿关爱生命女性疾病保险（B）,健康保险-疾病保险-其它疾病保险,传统型产品,女性专属产品,个人,长期（超过一年或含有保证续保条款）,分期交费一次性交费兼有,中国人寿〔2009〕疾病保险081号,在售, ,http://www.iachina.cn/IC/tkk/03/87b7e75b-cfc9-4494-94b1-ec7ce9a41372_TERMS.PDF
5b5313bdf1ad32a783dfaf15,中国人寿保险股份有限公司,国寿小额团体特定疾病保险,健康保险-疾病保险-其它疾病保险,传统型产品,无,团体,短期（一年及一年以下）,一次性交费,中国人寿〔2012〕疾病保险010号,在售, ,http://www.iachina.cn/IC/tkk/03/fda32b6f-8c90-4001-a9ce-946d9c87f29d_TERMS.PDF
5b5313bdf1ad32a783dfaf16,中国人寿保险股份有限公司,国寿关爱女性生殖健康团体疾病保险,健康保险-疾病保险-其它疾病保险,传统型产品,女性专属产品,团体,短期（一年及一年以下）,一次性交费,中国人寿〔2010〕疾病保险001号,在售, ,http://www.iachina.cn/IC/tkk/03/3b762864-a1ef-42a0-95f8-cba5e36381fd_TERMS.PDF
5b5313bdf1ad32a783dfaf17,中国人寿保险股份有限公司,国寿附加学生儿童特定疾病保险（A款）,健康保险-疾病保险-其它疾病保险,传统型产品,学生平安保险,个人,短期（一年及一年以下）,分期交费一次性交费兼有,中国人寿〔2013〕疾病保险012号,在售, ,http://www.iachina.cn/IC/tkk/03/d0c20331-2206-40d3-971d-7893c12bbe9b_TERMS.PDF
5b5313bdf1ad32a783dfaf18,中国人寿保险股份有限公司,国寿附加学生儿童特定疾病保险（B款）,健康保险-疾病保险-其它疾病保险,传统型产品,学生平安保险,个人,短期（一年及一年以下）,分期交费一次性交费兼有,中国人寿〔2013〕疾病保险013号,在售, ,http://www.iachina.cn/IC/tkk/03/939c3d09-ce02-49e3-958c-ff68cff60029_TERMS.PDF
5b5313bdf1ad32a783dfaf19,中国人寿保险股份有限公司,国寿关爱银行职员定期疾病保险,健康保险-疾病保险-其它疾病保险,传统型产品,无,个人,长期（超过一年或含有保证续保条款）,分期交费一次性交费兼有,中国人寿〔2013〕疾病保险035号,在售, ,http://www.iachina.cn/IC/tkk/03/85f49ca8-967c-4eaa-8dea-13169da1cf74_TERMS.PDF
5b5313bdf1ad32a783dfaf1a,新华人寿保险股份有限公司,心连心特种疾病保险,健康保险-非个人税收优惠型健康保险-疾病保险-其它疾病保险,传统型产品,无,个人,长期（超过一年或含有保证续保条款）,一次性交费,新华保险[2009]疾病保险020号,停售,2017-01-18,http://www.iachina.cn/IC/tkk/03/e0f18eaf-1f02-471e-a2a4-bca5b74c37e5_TERMS.PDF
5b5313bdf1ad32a783dfaf1b,新华人寿保险股份有限公司,i她女性特定疾病保险,健康保险-非个人税收优惠型健康保险-疾病保险-其它疾病保险,传统型产品,女性专属产品,个人,短期（一年及一年以下）,一次性交费,新华保险[2013]疾病保险002号,停用,2016-09-27,http://www.iachina.cn/IC/tkk/03/e2bc1ceb-c569-4fd5-b73e-ea921758fffb_TERMS.PDF
5b5313bdf1ad32a783dfaf1c,华夏人寿保险股份有限公司,华夏附加特种疾病保险,健康保险-疾病保险-其它疾病保险,传统型产品,无,个人,短期（一年及一年以下）,一次性交费,华夏人寿[2014]疾病保险037号,在售, ,http://www.iachina.cn/IC/tkk/03/dc405a32-f2e6-43a2-a81c-6066dd5018f9_TERMS.PDF
5b5313bdf1ad32a783dfaf1d,华夏人寿保险股份有限公司,华夏美丽宝疾病保险,健康保险-非个人税收优惠型健康保险-疾病保险-其它疾病保险,传统型产品,女性专属产品,个人,短期（一年及一年以下）,一次性交费,华夏人寿[2014]疾病保险018号,停售,2018-07-11,http://www.iachina.cn/IC/tkk/03/969dde5f-ad72-48c3-8c44-1739177102ca_TERMS.PDF
5b5313bdf1ad32a783dfaf1e,中新大东方人寿保险有限公司,中新大东方团体关爱女性疾病保险,健康保险-疾病保险-其它疾病保险,传统型产品,女性专属产品,团体,短期（一年及一年以下）,一次性交费,中新大东方[2014]疾病保险039号,在售, ,http://www.iachina.cn/IC/tkk/03/5a12588f-184d-413f-810f-9534ddf492bd_TERMS.PDF
5b5313bdf1ad32a783dfaf1f,陆家嘴国泰人寿保险有限责任公司,国泰附加康乃馨妇婴疾病保险,健康保险-非个人税收优惠型健康保险-疾病保险-其它疾病保险,传统型产品,女性专属产品,个人,长期（超过一年或含有保证续保条款）,一次性交费,国泰人寿[2009]疾病保险019号,停售,2018-06-05,http://www.iachina.cn/IC/tkk/03/60876b4b-2e13-4c96-a0cf-a1b200fcf2cf_TERMS.PDF
5b5313bdf1ad32a783dfaf20,信泰人寿保险股份有限公司,信泰美丽人生女性疾病保险,健康保险-非个人税收优惠型健康保险-疾病保险-其它疾病保险,传统型产品,女性专属产品,个人,短期（一年及一年以下）,一次性交费,信泰人寿[2011]疾病保险032号,停售,2017-08-28,http://www.iachina.cn/IC/tkk/03/1cd63dda-77c6-4cf0-8fc9-8517a1555143_TERMS.PDF
5b5313bdf1ad32a783dfaf21,信泰人寿保险股份有限公司,信泰女性团体疾病保险,健康保险-非个人税收优惠型健康保险-疾病保险-其它疾病保险,传统型产品,女性专属产品,团体,短期（一年及一年以下）,一次性交费,信泰人寿[2009]疾病保险001号,停售,2017-08-29,http://www.iachina.cn/IC/tkk/03/6c6560ac-9a93-48d7-b918-b5cc127a3885_TERMS.PDF
5b5313bdf1ad32a783dfaf22,信泰人寿保险股份有限公司,信泰女性团体疾病保险,健康保险-非个人税收优惠型健康保险-疾病保险-其它疾病保险,传统型产品,女性专属产品,团体,短期（一年及一年以下）,一次性交费,信泰人寿[2009]疾病保险044号,停售,2017-08-29,http://www.iachina.cn/IC/tkk/03/9c5b62e4-1912-4661-994a-42c37946db35_TERMS.PDF
5b5313bdf1ad32a783dfaf23,信泰人寿保险股份有限公司,信泰附加少儿白血病疾病保险,健康保险-非个人税收优惠型健康保险-疾病保险-其它疾病保险,传统型产品,少儿专属产品,个人,长期（超过一年或含有保证续保条款）,分期交费一次性交费兼有,信泰人寿[2013]疾病保险029号,停售,2017-08-28,http://www.iachina.cn/IC/tkk/03/019aa47b-c4a7-48c3-8515-a7f1381d087d_TERMS.PDF
5b5313bdf1ad32a783dfaf24,华夏人寿保险股份有限公司,华夏附加团体特定疾病保险,健康保险-疾病保险-其它疾病保险,传统型产品,无,团体,短期（一年及一年以下）,一次性交费,华夏人寿[2014]疾病保险038号,在售, ,http://www.iachina.cn/IC/tkk/03/dce1acb2-3573-45d2-b570-df287fccb010_TERMS.PDF
5b5313bdf1ad32a783dfaf25,中国人寿保险股份有限公司,国寿计划生育母婴安康特定疾病保险,健康保险-疾病保险-其它疾病保险,传统型产品,无,个人,短期（一年及一年以下）,一次性交费,中国人寿〔2009〕疾病保险110号,在售, ,http://www.iachina.cn/IC/tkk/03/58c22904-819e-4507-beff-2d7f2a93badc_TERMS.PDF
5b5313bdf1ad32a783dfaf26,中国人寿保险股份有限公司,国寿输血感染疾病保险,健康保险-非个人税收优惠型健康保险-疾病保险-其它疾病保险,传统型产品,无,个人,短期（一年及一年以下）,一次性交费,中国人寿〔2009〕疾病保险159号,停售,2017-07-24,http://www.iachina.cn/IC/tkk/03/1a243038-eb41-4034-bd0c-969d38ac580c_TERMS.PDF
5b5313bdf1ad32a783dfaf27,中国人寿保险股份有限公司,国寿女性安康团体疾病保险,健康保险-疾病保险-其它疾病保险,传统型产品,女性专属产品,团体,短期（一年及一年以下）,一次性交费,中国人寿〔2009〕疾病保险148号,在售, ,http://www.iachina.cn/IC/tkk/03/0552c30b-78e8-4c27-9576-7df7e8d40c01_TERMS.PDF
5b5313bdf1ad32a783dfaf28,恒安标准人寿保险有限公司,恒安标准附加额外给付轻症大病疾病保险（B款）,健康保险-疾病保险-其它疾病保险,传统型产品,无,个人,长期（超过一年或含有保证续保条款）,分期交费,恒安标准人寿[2014]疾病保险014号,在售, ,http://www.iachina.cn/IC/tkk/03/cb8bde07-4996-4449-b9a7-9f271c7ec06d_TERMS.PDF
5b5313bdf1ad32a783dfaf29,恒安标准人寿保险有限公司,恒安标准附加女性特定疾病保险（A款）,健康保险-疾病保险-其它疾病保险,传统型产品,女性专属产品,个人,长期（超过一年或含有保证续保条款）,分期交费,恒安标准人寿[2014]疾病保险005号,在售, ,http://www.iachina.cn/IC/tkk/03/85b8c51b-2d90-4db0-adc1-47a4db8a2fed_TERMS.PDF
5b5313bdf1ad32a783dfaf2a,恒安标准人寿保险有限公司,恒安标准附加女性特定疾病保险（B款）,健康保险-疾病保险-其它疾病保险,传统型产品,女性专属产品,个人,长期（超过一年或含有保证续保条款）,分期交费,恒安标准人寿[2014]疾病保险012号,在售, ,http://www.iachina.cn/IC/tkk/03/811c0ad3-494b-4850-8cde-8ddeacacc2d4_TERMS.PDF
5b5313bdf1ad32a783dfaf2b,恒安标准人寿保险有限公司,恒安标准附加额外给付轻症大病疾病保险（A款）,健康保险-疾病保险-其它疾病保险,传统型产品,无,个人,长期（超过一年或含有保证续保条款）,分期交费,恒安标准人寿[2014]疾病保险006号,在售, ,http://www.iachina.cn/IC/tkk/03/61d33bd2-6b8d-4020-a1a9-4cbc05af6b6a_TERMS.PDF
5b5313bdf1ad32a783dfaf2c,恒安标准人寿保险有限公司,恒安标准附加少儿特定疾病保险,健康保险-疾病保险-其它疾病保险,传统型产品,少儿专属产品,个人,长期（超过一年或含有保证续保条款）,分期交费,恒安标准人寿[2014]疾病保险013号,在售, ,http://www.iachina.cn/IC/tkk/03/43348e16-0742-4f99-acc7-e582a42d3172_TERMS.PDF
5b5313bdf1ad32a783dfaf2d,合众人寿保险股份有限公司,合众女性特定疾病保险,健康保险-疾病保险-其它疾病保险,传统型产品,女性专属产品,个人,短期（一年及一年以下）,一次性交费,合众人寿（2012）疾病保险009号,在售, ,http://www.iachina.cn/IC/tkk/03/3ea45dd6-28a8-4420-9a4f-fde80bbff825_TERMS.PDF
5b5313bdf1ad32a783dfaf2e,复星保德信人寿保险有限公司,复星保德信团体俪人守护B款疾病保险,健康保险-疾病保险-其它疾病保险,传统型产品,女性专属产品,团体,短期（一年及一年以下）,一次性交费,复星保德信人寿[2014]疾病保险019号,在售, ,http://www.iachina.cn/IC/tkk/03/e3c4638b-a392-4cc3-9a7b-b45851d26a31_TERMS.PDF
5b5313bdf1ad32a783dfaf2f,复星保德信人寿保险有限公司,复星保德信好声音A款呼吸道特定疾病保险,健康保险-疾病保险-其它疾病保险,传统型产品,无,个人,短期（一年及一年以下）,一次性交费,复星保德信人寿[2014]疾病保险022号,在售, ,http://www.iachina.cn/IC/tkk/03/a118f349-99ca-4608-9f54-a13d24875497_TERMS.PDF
5b5313bdf1ad32a783dfaf30,复星保德信人寿保险有限公司,复星保德信好头脑A款脑部特定疾病保险,健康保险-疾病保险-其它疾病保险,传统型产品,无,个人,短期（一年及一年以下）,一次性交费,复星保德信人寿[2014]疾病保险023号,在售, ,http://www.iachina.cn/IC/tkk/03/67d11aff-9d98-4c69-ad77-08c74fe26c99_TERMS.PDF
5b5313bdf1ad32a783dfaf31,复星保德信人寿保险有限公司,复星保德信团体俪人守护A款疾病保险,健康保险-疾病保险-其它疾病保险,传统型产品,女性专属产品,团体,短期（一年及一年以下）,一次性交费,复星保德信人寿[2014]疾病保险018号,在售, ,http://www.iachina.cn/IC/tkk/03/3ba9dc4d-603b-467c-beb1-00aa5a51f4c9_TERMS.PDF
5b5313bdf1ad32a783dfaf32,复星保德信人寿保险有限公司,复星保德信俪人守护B款女性特定危重疾病保险,健康保险-疾病保险-其它疾病保险,传统型产品,女性专属产品,个人,短期（一年及一年以下）,一次性交费,复星保德信人寿[2014]疾病保险031号,在售, ,http://www.iachina.cn/IC/tkk/03/36d22b0c-49e9-4616-8cbd-537bc02cf2c9_TERMS.PDF
5b5313bdf1ad32a783dfaf33,复星保德信人寿保险有限公司,复星保德信俪人守护A款乳腺癌危重疾病保险,健康保险-疾病保险-其它疾病保险,传统型产品,女性专属产品,个人,短期（一年及一年以下）,一次性交费,复星保德信人寿[2014]疾病保险030号,在售, ,http://www.iachina.cn/IC/tkk/03/0130d54b-83bb-4095-9b6a-a07a9468f84e_TERMS.PDF
5b5313bdf1ad32a783dfaf34,友邦保险有限公司上海分公司（代表友邦在华各分支公司）,友邦全佑一生“七合一”加强版疾病保险,其它疾病保险,普通型,无,个人,长期（超过一年或含有保证续保条款）,分期交费,友邦保险[2014]疾病保险061号,在售, ,http://www.iachina.cn/IC/tkk/03/977ad629-a601-4a2b-b055-eb8eef5d00e9_TERMS.PDF
5b5313bdf1ad32a783dfaf35,和谐健康保险股份有限公司,和谐抗击禽流感团体疾病保险,健康保险-疾病保险-其它疾病保险,传统型产品,无,团体,短期（一年及一年以下）,一次性交费,灵活交费,和谐健康[2013]疾病保险029号,在售, ,http://www.iachina.cn/IC/tkk/03/ce8764fe-2b41-4343-8a6d-e66fcdc7ad22_TERMS.PDF
5b5313bdf1ad32a783dfaf36,和谐健康保险股份有限公司,和谐附加健康佳人特定疾病保险,健康保险-疾病保险-其它疾病保险,传统型产品,女性专属产品,个人,长期（超过一年或含有保证续保条款）,分期交费一次性交费兼有,和谐健康[2013]疾病保险037号,在售, ,http://www.iachina.cn/IC/tkk/03/25860650-091d-48a5-ba76-1bab9cef2ac4_TERMS.PDF
5b5313bdf1ad32a783dfaf37,和谐健康保险股份有限公司,和谐抗击禽流感疾病保险,健康保险-疾病保险-其它疾病保险,传统型产品,无,个人,短期（一年及一年以下）,一次性交费,灵活交费,和谐健康[2013]疾病保险030号,在售, ,http://www.iachina.cn/IC/tkk/03/0db000d1-03e3-4e85-9918-314092afec63_TERMS.PDF
5b5313bdf1ad32a783dfaf38,和谐健康保险股份有限公司,和谐学生幼儿特定疾病保险,健康保险-疾病保险-其它疾病保险,传统型产品,学生平安保险,团体,短期（一年及一年以下）,一次性交费,灵活交费,和谐健康[2010]疾病保险017号,在售, ,http://www.iachina.cn/IC/tkk/03/01fdf578-363b-4b8c-bdf9-4f09ccef8637_TERMS.PDF
5b5313bdf1ad32a783dfaf39,和谐健康保险股份有限公司,和谐附加额外给付轻症疾病保险,健康保险-疾病保险-其它疾病保险,传统型产品,无,个人,长期（超过一年或含有保证续保条款）,分期交费,灵活交费,和谐健康[2013]疾病保险011号,在售, ,http://www.iachina.cn/IC/tkk/03/1d8deecd-7b68-4284-96e8-3ab2cbe65634_TERMS.PDF
5b5313bdf1ad32a783dfaf3a,利安人寿保险股份有限公司,利安人寿保险股份有限公司附加利祥安康（B款）多重给付疾病保险,健康保险-疾病保险-其它疾病保险,传统型产品,无,个人,长期（超过一年或含有保证续保条款）,分期交费,利安人寿[2012]疾病保险020号,在售, ,http://www.iachina.cn/IC/tkk/03/32d5251d-6e20-4245-815f-d764663a5aa6_TERMS.PDF
5b5313bdf1ad32a783dfaf3b,阳光人寿保险股份有限公司,阳光人寿母婴安康疾病保险,健康保险-疾病保险-其它疾病保险,传统型产品,女性专属产品,个人,短期（一年及一年以下）,一次性交费,阳光人寿[2012]疾病保险016号,在售, ,http://www.iachina.cn/IC/tkk/03/3653f066-69a2-4f4b-a4e2-9164cb3a88d2_TERMS.PDF
5b5313bdf1ad32a783dfaf3c,阳光人寿保险股份有限公司,阳光人寿守护人生女性特定疾病保险,健康保险-疾病保险-其它疾病保险,传统型产品,女性专属产品,个人,短期（一年及一年以下）,一次性交费,阳光人寿[2013]疾病保险023号,在售, ,http://www.iachina.cn/IC/tkk/03/b6c395b3-8f6e-44b2-bd49-5301cca3583c_TERMS.PDF
5b5313bdf1ad32a783dfaf3d,中国人民健康保险股份有限公司,中国人民健康保险股份有限公司阳光关爱母婴平安特定疾病保险,健康保险-疾病保险-其它疾病保险,传统型产品,女性专属产品,团体,长期（超过一年或含有保证续保条款）,一次性交费,人保健康[2011]疾病保险002号,在售, ,http://www.iachina.cn/IC/tkk/03/16dc1538-b30d-4472-b45b-292592b93c69_TERMS.PDF
5b5313bdf1ad32a783dfaf3e,中国人民健康保险股份有限公司,中国人民健康保险股份有限公司附加豁免保费个人疾病保险,健康保险-疾病保险-其它疾病保险,传统型产品,无,个人,长期（超过一年或含有保证续保条款）,分期交费,人保健康[2012]疾病保险016号,在售, ,http://www.iachina.cn/IC/tkk/03/9f16e5d8-5682-4b27-9bf0-ec2157ae49d4_TERMS.PDF
5b5313bdf1ad32a783dfaf3f,信诚人寿保险有限公司,信诚附加至尊「悦・享」长期疾病保险,健康保险-疾病保险-其它疾病保险,传统型产品,无,个人,长期（超过一年或含有保证续保条款）,分期交费,信诚人寿[2014]疾病保险009号,在售, ,http://www.iachina.cn/IC/tkk/03/e01b6890-5c66-46d2-9344-844332952a40_TERMS.PDF
5b5313bdf1ad32a783dfaf40,合众人寿保险股份有限公司,合众合家馨女性疾病保险,健康保险-疾病保险-其它疾病保险,传统型产品,女性专属产品,个人,长期（超过一年或含有保证续保条款）,分期交费,合众人寿（2011）疾病保险004号,停售,2013-03-21,http://www.iachina.cn/IC/tkk/03/a027946d-bbc3-4ab9-8145-dfe4fbe83ada_TERMS.PDF
5b5313bdf1ad32a783dfaf41,合众人寿保险股份有限公司,合众团体女性特定疾病保险,健康保险-疾病保险-其它疾病保险,传统型产品,女性专属产品,团体,短期（一年及一年以下）,一次性交费,合众人寿（2009）疾病保险072号,在售, ,http://www.iachina.cn/IC/tkk/03/70e0c3ea-bf71-41e9-8d13-7f87a86e77a9_TERMS.PDF
5b5313bdf1ad32a783dfaf42,中银三星人寿保险有限公司,中航三星附加女性特定疾病保险,健康保险-非个人税收优惠型健康保险-疾病保险-其它疾病保险,传统型产品,女性专属产品,个人,长期（超过一年或含有保证续保条款）,分期交费一次性交费兼有,中航三星人寿[2013]疾病保险033号,停用,2016-05-06,http://www.iachina.cn/IC/tkk/03/e5c35a6a-a7fd-4ace-84bc-4d1c43011f59_TERMS.PDF
5b5313bdf1ad32a783dfaf43,招商信诺人寿保险有限公司,招商信诺附加臻藏版珍爱一生慢性疾病保险,健康保险-非个人税收优惠型健康保险-疾病保险-其它疾病保险,传统型产品,无,个人,长期（超过一年或含有保证续保条款）,分期交费一次性交费兼有,招商信诺[2013]疾病保险082号,停售,2017-07-13,http://www.iachina.cn/IC/tkk/03/77242348-6e3a-43a3-8648-1e36467a5ee3_TERMS.PDF
5b5313bdf1ad32a783dfaf44,中新大东方人寿保险有限公司,中新大东方关爱女性疾病保险,健康保险-疾病保险-其它疾病保险,传统型产品,女性专属产品,团体,短期（一年及一年以下）,一次性交费,中新大东方[2009]疾病保险014号,在售, ,http://www.iachina.cn/IC/tkk/03/5465958f-b5a0-4be5-ae81-217e6010715d_TERMS.PDF
5b5313bdf1ad32a783dfaf45,中新大东方人寿保险有限公司,中新大东方附加特定甲型H7N9流感疾病保险,健康保险-疾病保险-其它疾病保险,传统型产品,无,个人,短期（一年及一年以下）,一次性交费,中新大东方[2013]疾病保险018号,在售, ,http://www.iachina.cn/IC/tkk/03/c0dd05ff-fa55-4970-a734-1edbff386991_TERMS.PDF
5b5313bdf1ad32a783dfaf46,中新大东方人寿保险有限公司,中新大东方附加团体特定甲型H7N9流感疾病保险,健康保险-疾病保险-其它疾病保险,传统型产品,无,团体,短期（一年及一年以下）,一次性交费,中新大东方[2013]疾病保险001号,在售, ,http://www.iachina.cn/IC/tkk/03/be050a97-725c-4fd3-9e10-c52ad560a7f0_TERMS.PDF
5b5313bdf1ad32a783dfaf47,中国平安人寿保险股份有限公司,平安附加平安福特定疾病保险,健康保险-非个人税收优惠型健康保险-疾病保险-其它疾病保险,传统型产品,无,个人,长期（超过一年或含有保证续保条款）,灵活交费,平安人寿[2014]疾病保险008号,停售,2017-07-06,http://www.iachina.cn/IC/tkk/03/e0f80a4f-4956-4de5-9ba7-c07de7098f19_TERMS.PDF
5b5313bdf1ad32a783dfaf48,农银人寿保险股份有限公司,农银团体女性特定疾病保险,其它疾病保险,普通型,女性专属产品,团体,短期（一年及一年以下）,一次性交费,农银人寿[2014]疾病保险026,在售, ,http://www.iachina.cn/IC/tkk/03/96e8ce77-acaf-4fcf-aed8-83c54725ec36_TERMS.PDF
5b5313bdf1ad32a783dfaf49,恒安标准人寿保险有限公司,恒安标准附加女性特定疾病保险（A款）,健康保险-非个人税收优惠型健康保险-疾病保险-其它疾病保险,传统型产品,女性专属产品,个人,长期（超过一年或含有保证续保条款）,分期交费,恒安标准人寿[2014]疾病保险031号,停售,2018-05-10,http://www.iachina.cn/IC/tkk/03/0092f362-e8c1-4082-bed9-b81690c65c63_TERMS.PDF
5b5313bdf1ad32a783dfaf4a,恒安标准人寿保险有限公司,恒安标准附加女性特定疾病保险（B款）,健康保险-非个人税收优惠型健康保险-疾病保险-其它疾病保险,传统型产品,女性专属产品,个人,长期（超过一年或含有保证续保条款）,分期交费,恒安标准人寿[2014]疾病保险026号,停售,2017-05-05,http://www.iachina.cn/IC/tkk/03/ec7b3714-d663-454c-8113-4dd5a34f1b01_TERMS.PDF
5b5313bdf1ad32a783dfaf4b,长城人寿保险股份有限公司,长城附加宁泰轻症疾病保险,其它疾病保险,普通型,无,个人,长期（超过一年或含有保证续保条款）,分期交费一次性交费兼有,长城人寿【2014】疾病保险030号,在售, ,http://www.iachina.cn/IC/tkk/03/a0a3e807-6d83-4910-b6ed-be7f0fb068e1_TERMS.PDF
5b5313bdf1ad32a783dfaf4c,中宏人寿保险有限公司,中宏附加少儿专项疾病保险,健康保险-疾病保险-其它疾病保险,传统型产品,少儿专属产品,个人,长期（超过一年或含有保证续保条款）,一次性交费,中宏人寿[2014]疾病保险023号,停售,2015-05-14,http://www.iachina.cn/IC/tkk/03/bfc3a99f-3afa-45c3-9520-1f631f2152a1_TERMS.PDF
5b5313bdf1ad32a783dfaf4d,恒安标准人寿保险有限公司,恒安标准附加额外给付轻度危重疾病保险（B款）,健康保险-非个人税收优惠型健康保险-疾病保险-其它疾病保险,传统型产品,无,个人,长期（超过一年或含有保证续保条款）,分期交费,恒安标准人寿[2014]疾病保险028号,停售,2017-05-05,http://www.iachina.cn/IC/tkk/03/a759dc0e-0ee4-4f7a-8cd5-78c42c28e61f_TERMS.PDF
5b5313bdf1ad32a783dfaf4e,恒安标准人寿保险有限公司,恒安标准附加额外给付轻度危重疾病保险（A款）,其它疾病保险,普通型,无,个人,长期（超过一年或含有保证续保条款）,分期交费,恒安标准人寿[2014]疾病保险020号,在售, ,http://www.iachina.cn/IC/tkk/03/9bc8053a-5a27-4fb8-89cc-fd97e8158a1d_TERMS.PDF
5b5313bdf1ad32a783dfaf4f,中银三星人寿保险有限公司,中航三星成长健康专项疾病保险,健康保险-非个人税收优惠型健康保险-疾病保险-其它疾病保险,传统型产品,少儿专属产品,个人,短期（一年及一年以下）,一次性交费,中航三星人寿[2014]疾病保险008号,停用,2016-05-06,http://www.iachina.cn/IC/tkk/03/2171d716-d92b-4f41-8366-edc69870e3be_TERMS.PDF
5b5313bdf1ad32a783dfaf50,中银三星人寿保险有限公司,中航三星关爱女性专项疾病保险,健康保险-非个人税收优惠型健康保险-疾病保险-其它疾病保险,传统型产品,女性专属产品,个人,短期（一年及一年以下）,一次性交费,中航三星人寿[2014]疾病保险009号,停用,2016-05-06,http://www.iachina.cn/IC/tkk/03/7dd0703e-6d43-4a28-b843-631a84515118_TERMS.PDF
5b5313bdf1ad32a783dfaf51,中国人寿保险股份有限公司,国寿恶性肿瘤疾病保险,健康保险-非个人税收优惠型健康保险-疾病保险-其它疾病保险,传统型产品,无,个人,长期（超过一年或含有保证续保条款）,一次性交费,分期交费,中国人寿〔2014〕疾病保险037号,停售,2017-07-24,http://www.iachina.cn/IC/tkk/03/237f9377-786c-4f1f-bf4a-513a157104be_TERMS.PDF
5b5313bdf1ad32a783dfaf52,友邦保险有限公司上海分公司（代表友邦在华各分支公司）,友邦全佑一生“七合一”危重疾病保险,其它疾病保险,普通型,无,个人,长期（超过一年或含有保证续保条款）,分期交费,友邦保险[2014]疾病保险089号,在售, ,http://www.iachina.cn/IC/tkk/03/f5523be1-5c27-48ad-adee-af65c44ecfeb_TERMS.PDF
5b5313bdf1ad32a783dfaf53,友邦保险有限公司上海分公司（代表友邦在华各分支公司）,友邦全佑一生“七合一”危重疾病保险,其它疾病保险,普通型,无,个人,长期（超过一年或含有保证续保条款）,分期交费,友邦保险[2014]疾病保险099号,在售, ,http://www.iachina.cn/IC/tkk/03/b4bc4a17-2dfe-420a-9232-a900d0054f3e_TERMS.PDF
5b5313bdf1ad32a783dfaf54,恒安标准人寿保险有限公司,恒安标准女性特定疾病保险,健康保险-非个人税收优惠型健康保险-疾病保险-其它疾病保险,传统型产品,女性专属产品,个人,短期（一年及一年以下）,一次性交费,恒安标准人寿[2014]疾病保险035号,停售,2017-05-05,http://www.iachina.cn/IC/tkk/03/9728cc4e-a61a-4bc7-8d10-036bd3e6f31f_TERMS.PDF
5b5313bdf1ad32a783dfaf55,生命人寿保险股份有限公司,生命母婴康顺疾病保险,健康保险-非个人税收优惠型健康保险-疾病保险-其它疾病保险,传统型产品,女性专属产品,个人,短期（一年及一年以下）,一次性交费,生命人寿[2014]疾病保险013号,停用,2016-09-01,http://www.iachina.cn/IC/tkk/03/e22a7fab-14eb-454e-bfdd-58bacb721bb3_TERMS.PDF
5b5313bdf1ad32a783dfaf56,中荷人寿保险有限公司,中荷附加保险费豁免早期严重疾病保险,健康保险-非个人税收优惠型健康保险-疾病保险-其它疾病保险,传统型产品,无,个人,长期（超过一年或含有保证续保条款）,分期交费,中荷人寿[2014]疾病保险40号,停售,2017-10-16,http://www.iachina.cn/IC/tkk/03/f219be0e-0b49-4c98-9088-4ed5a21e72a3_TERMS.PDF
5b5313bdf1ad32a783dfaf57,中意人寿保险有限公司,中意附加一生无忧专项疾病保险,其它疾病保险,普通型,无,个人,短期（一年及一年以下）,一次性交费,中意人寿[2014]疾病保险072号,在售, ,http://www.iachina.cn/IC/tkk/03/0b49f5c7-c662-4b63-a818-3c013021685c_TERMS.PDF
5b5313bdf1ad32a783dfaf58,恒安标准人寿保险有限公司,恒安标准附加少儿特定疾病保险,健康保险-疾病保险-其它疾病保险,传统型产品,少儿专属产品,个人,长期（超过一年或含有保证续保条款）,分期交费,恒安标准人寿[2014]疾病保险027号,在售, ,http://www.iachina.cn/IC/tkk/03/6e364948-0e84-420a-a903-57876c9a34d3_TERMS.PDF
5b5313bdf1ad32a783dfaf59,平安养老保险股份有限公司,平安心脑血管特定疾病保险,健康保险-非个人税收优惠型健康保险-疾病保险-其它疾病保险,传统型产品,无,个人,短期（一年及一年以下）,分期交费一次性交费兼有,平安养老[2014]疾病保险018号,停售,2018-07-12,http://www.iachina.cn/IC/tkk/03/805cc14d-45a6-473a-9559-e4eb324484fb_TERMS.PDF
5b5313bdf1ad32a783dfaf5a,平安养老保险股份有限公司,平安消化系统特定疾病保险,其它疾病保险,普通型,无,个人,短期（一年及一年以下）,分期交费一次性交费兼有,平安养老[2014]疾病保险016号,在售, ,http://www.iachina.cn/IC/tkk/03/32900ad8-08d0-42a0-920a-704a60f1ef87_TERMS.PDF
5b5313bdf1ad32a783dfaf5b,平安养老保险股份有限公司,平安泌尿系统特定疾病保险,健康保险-非个人税收优惠型健康保险-疾病保险-其它疾病保险,传统型产品,无,个人,短期（一年及一年以下）,分期交费一次性交费兼有,平安养老[2014]疾病保险017号,停售,2018-07-12,http://www.iachina.cn/IC/tkk/03/129cdd79-0de1-41d2-bb8b-736c60ec99f0_TERMS.PDF
5b5313bdf1ad32a783dfaf5c,长生人寿保险有限公司,长生附加特定疾病保险,健康保险-疾病保险-其它疾病保险,传统型产品,无,个人,长期（超过一年或含有保证续保条款）,分期交费一次性交费兼有,长生人寿［2015］疾病保险002号,在售, ,http://www.iachina.cn/IC/tkk/03/d257b8b2-7667-479b-b450-769e0d1a2b45_TERMS.PDF
5b5313bdf1ad32a783dfaf5d,长生人寿保险有限公司,长生附加轻症疾病保险,健康保险-疾病保险-其它疾病保险,传统型产品,无,个人,长期（超过一年或含有保证续保条款）,分期交费一次性交费兼有,长生人寿［2015］疾病保险003号,在售, ,http://www.iachina.cn/IC/tkk/03/9ce432b6-689c-450c-a709-00e1396adc31_TERMS.PDF
5b5313bdf1ad32a783dfaf5e,君龙人寿保险有限公司,君龙附加宠爱女人母婴疾病保险,健康保险-疾病保险-其它疾病保险,传统型产品,女性专属产品,个人,长期（超过一年或含有保证续保条款）,分期交费,君龙人寿[2014]疾病保险034号,在售, ,http://www.iachina.cn/IC/tkk/03/1654f86f-7b63-4a4c-943e-1bda74630b22_TERMS.PDF
5b5313bdf1ad32a783dfaf5f,中国人寿保险股份有限公司,国寿关爱女性特定疾病保险（A款）,其它疾病保险,普通型,女性专属产品,个人,短期（一年及一年以下）,一次性交费,中国人寿〔2015〕疾病保险015号,在售, ,http://www.iachina.cn/IC/tkk/03/603aa09f-8ab8-4cfd-af6d-3f994db58136_TERMS.PDF
5b5313bdf1ad32a783dfaf60,泰康养老保险股份有限公司,泰康附加团体终身特定疾病保险B款,其它疾病保险,普通型,无,团体,长期（超过一年或含有保证续保条款）,分期交费一次性交费兼有,泰康养老（2015）疾病保险003号,在售, ,http://www.iachina.cn/IC/tkk/03/fd92856a-2ab5-4c7b-9d2a-3cdd02a281a6_TERMS.PDF
5b5313bdf1ad32a783dfaf61,吉祥人寿保险股份有限公司,吉祥人寿男女性安康团体疾病保险,健康保险-疾病保险-其它疾病保险,传统型产品,无,团体,短期（一年及一年以下）,一次性交费,吉祥人寿[2014]疾病保险033号,在售, ,http://www.iachina.cn/IC/tkk/03/37b2e010-49d5-4f08-a4fa-8d23f54bb6c1_TERMS.PDF
5b5313bdf1ad32a783dfaf62,中国人寿保险股份有限公司,国寿如E贝贝少儿疾病保险,健康保险-非个人税收优惠型健康保险-疾病保险-其它疾病保险,传统型产品,少儿专属产品,个人,长期（超过一年或含有保证续保条款）,分期交费一次性交费兼有,中国人寿〔2015〕疾病保险007号,停售,2017-07-24,http://www.iachina.cn/IC/tkk/03/8cba2418-b70a-4df7-8d00-f357cccaa480_TERMS.PDF
5b5313bdf1ad32a783dfaf63,友邦保险有限公司上海分公司（代表友邦在华各分支公司）,友邦安孕保疾病保险,健康保险-疾病保险-其它疾病保险,传统型产品,女性专属产品,个人,短期（一年及一年以下）,分期交费,友邦保险[2015]疾病保险004号,在售, ,http://www.iachina.cn/IC/tkk/03/43e584e8-b0ee-4d2e-bfdd-92afcfcbe18e_TERMS.PDF
5b5313bdf1ad32a783dfaf64,长生人寿保险有限公司,长生附加轻症疾病保险,健康保险-疾病保险-其它疾病保险,传统型产品,无,个人,长期（超过一年或含有保证续保条款）,分期交费一次性交费兼有,长生人寿［2015］疾病保险003号,在售, ,http://www.iachina.cn/IC/tkk/03/9ce432b6-689c-450c-a709-00e1396adc31_TERMS.PDF
5b5313bdf1ad32a783dfaf65,君龙人寿保险有限公司,君龙附加宠爱女人母婴疾病保险,健康保险-疾病保险-其它疾病保险,传统型产品,女性专属产品,个人,长期（超过一年或含有保证续保条款）,分期交费,君龙人寿[2014]疾病保险034号,在售, ,http://www.iachina.cn/IC/tkk/03/1654f86f-7b63-4a4c-943e-1bda74630b22_TERMS.PDF
5b5313bdf1ad32a783dfaf66,中国人寿保险股份有限公司,国寿关爱女性特定疾病保险（A款）,其它疾病保险,普通型,女性专属产品,个人,短期（一年及一年以下）,一次性交费,中国人寿〔2015〕疾病保险015号,在售, ,http://www.iachina.cn/IC/tkk/03/603aa09f-8ab8-4cfd-af6d-3f994db58136_TERMS.PDF
5b5313bdf1ad32a783dfaf67,泰康养老保险股份有限公司,泰康附加团体终身特定疾病保险B款,其它疾病保险,普通型,无,团体,长期（超过一年或含有保证续保条款）,分期交费一次性交费兼有,泰康养老（2015）疾病保险003号,在售, ,http://www.iachina.cn/IC/tkk/03/fd92856a-2ab5-4c7b-9d2a-3cdd02a281a6_TERMS.PDF
5b5313bdf1ad32a783dfaf68,泰康养老保险股份有限公司,泰康附加团体终身特定疾病保险C款,其它疾病保险,普通型,无,团体,长期（超过一年或含有保证续保条款）,分期交费一次性交费兼有,泰康养老（2015）疾病保险004号,在售, ,http://www.iachina.cn/IC/tkk/03/c1c13203-c1dc-4619-8e3b-a16e1f657656_TERMS.PDF
5b5313bdf1ad32a783dfaf69,泰康养老保险股份有限公司,泰康附加团体终身特定疾病保险A款,其它疾病保险,普通型,无,团体,长期（超过一年或含有保证续保条款）,分期交费一次性交费兼有,泰康养老（2015）疾病保险002号,在售, ,http://www.iachina.cn/IC/tkk/03/b69795d3-6c4a-4fbc-a29f-20470bc4c862_TERMS.PDF
5b5313bdf1ad32a783dfaf6a,昆仑健康保险股份有限公司,昆仑健康保险股份有限公司福宝宝疾病保险,健康保险-非个人税收优惠型健康保险-疾病保险-其它疾病保险,传统型产品,少儿专属产品,个人,短期（一年及一年以下）,一次性交费,昆仑健康[2014]疾病保险005号,停售,2017-01-18,http://www.iachina.cn/IC/tkk/03/ee8906df-f62f-4a26-ad54-32158a286aa5_TERMS.PDF
5b5313bdf1ad32a783dfaf6b,吉祥人寿保险股份有限公司,吉祥人寿男女性安康团体疾病保险,健康保险-疾病保险-其它疾病保险,传统型产品,无,团体,短期（一年及一年以下）,一次性交费,吉祥人寿[2014]疾病保险033号,在售, ,http://www.iachina.cn/IC/tkk/03/37b2e010-49d5-4f08-a4fa-8d23f54bb6c1_TERMS.PDF
5b5313bdf1ad32a783dfaf6c,中国人寿保险股份有限公司,国寿如E贝贝少儿疾病保险,健康保险-非个人税收优惠型健康保险-疾病保险-其它疾病保险,传统型产品,少儿专属产品,个人,长期（超过一年或含有保证续保条款）,分期交费一次性交费兼有,中国人寿〔2015〕疾病保险007号,停售,2017-07-24,http://www.iachina.cn/IC/tkk/03/8cba2418-b70a-4df7-8d00-f357cccaa480_TERMS.PDF
5b5313bdf1ad32a783dfaf6d,友邦保险有限公司上海分公司（代表友邦在华各分支公司）,友邦安孕保疾病保险,健康保险-疾病保险-其它疾病保险,传统型产品,女性专属产品,个人,短期（一年及一年以下）,分期交费,友邦保险[2015]疾病保险004号,在售, ,http://www.iachina.cn/IC/tkk/03/43e584e8-b0ee-4d2e-bfdd-92afcfcbe18e_TERMS.PDF
5b5313bdf1ad32a783dfaf6e,中国太平洋人寿保险股份有限公司,附加老年人特定疾病保险（A款）,健康保险-非个人税收优惠型健康保险-疾病保险-其它疾病保险,传统型产品,老年专属产品,个人,长期（超过一年或含有保证续保条款）,一次性交费,太平洋人寿[2015]疾病保险014号,停售,2017-04-25,http://www.iachina.cn/IC/tkk/03/c7000824-d344-4eff-910e-46f8c8299069_TERMS.PDF
5b5313bdf1ad32a783dfaf6f,天安人寿保险股份有限公司,天安人寿康吉B款住院费用医疗保险,健康保险-非个人税收优惠型健康保险-疾病保险-其它疾病保险,传统型产品,无,个人,短期（一年及一年以下）,一次性交费,天安人寿[2015]医疗保险002号,停售,2017-04-17,http://www.iachina.cn/IC/tkk/03/a3d96129-33b3-449d-9344-6b2c671cde1c_TERMS.PDF
5b5313bdf1ad32a783dfaf70,天安人寿保险股份有限公司,天安人寿康吉A款住院费用医疗保险,健康保险-非个人税收优惠型健康保险-疾病保险-其它疾病保险,传统型产品,无,个人,短期（一年及一年以下）,一次性交费,天安人寿[2015]医疗保险001号,停售,2017-04-17,http://www.iachina.cn/IC/tkk/03/9d3218a2-9f70-4e43-901b-ffa9038c9c00_TERMS.PDF
5b5313bdf1ad32a783dfaf71,天安人寿保险股份有限公司,天安人寿康乐成长少儿特定疾病保险,健康保险-非个人税收优惠型健康保险-疾病保险-其它疾病保险,传统型产品,无,个人,长期（超过一年或含有保证续保条款）,分期交费一次性交费兼有,天安人寿[2014]疾病保险042号,停售,2017-04-17,http://www.iachina.cn/IC/tkk/03/9b414a54-e48b-4bde-a0d1-4b5c87019f3d_TERMS.PDF
5b5313bdf1ad32a783dfaf72,天安人寿保险股份有限公司,天安人寿附加健康随心轻症疾病保险,健康保险-非个人税收优惠型健康保险-疾病保险-其它疾病保险,传统型产品,无,个人,长期（超过一年或含有保证续保条款）,分期交费一次性交费兼有,天安人寿[2015]疾病保险018号,停售,2017-04-17,http://www.iachina.cn/IC/tkk/03/3f1c0180-1a39-4fa0-9f2c-1352c5f74dac_TERMS.PDF
5b5313bdf1ad32a783dfaf73,泰康养老保险股份有限公司,泰康附加团体终身特定疾病保险C款,其它疾病保险,普通型,无,团体,长期（超过一年或含有保证续保条款）,分期交费一次性交费兼有,泰康养老（2015）疾病保险004号,在售, ,http://www.iachina.cn/IC/tkk/03/c1c13203-c1dc-4619-8e3b-a16e1f657656_TERMS.PDF
5b5313bdf1ad32a783dfaf74,泰康养老保险股份有限公司,泰康附加团体终身特定疾病保险A款,其它疾病保险,普通型,无,团体,长期（超过一年或含有保证续保条款）,分期交费一次性交费兼有,泰康养老（2015）疾病保险002号,在售, ,http://www.iachina.cn/IC/tkk/03/b69795d3-6c4a-4fbc-a29f-20470bc4c862_TERMS.PDF
5b5313bdf1ad32a783dfaf75,昆仑健康保险股份有限公司,昆仑健康保险股份有限公司福宝宝疾病保险,健康保险-非个人税收优惠型健康保险-疾病保险-其它疾病保险,传统型产品,少儿专属产品,个人,短期（一年及一年以下）,一次性交费,昆仑健康[2014]疾病保险005号,停售,2017-01-18,http://www.iachina.cn/IC/tkk/03/ee8906df-f62f-4a26-ad54-32158a286aa5_TERMS.PDF
5b5313bdf1ad32a783dfaf76,天安人寿保险股份有限公司,天安人寿附加健康随心特定疾病保险,健康保险-非个人税收优惠型健康保险-疾病保险-其它疾病保险,传统型产品,无,个人,长期（超过一年或含有保证续保条款）,分期交费一次性交费兼有,天安人寿[2015]疾病保险019号,停售,2017-04-17,http://www.iachina.cn/IC/tkk/03/1dcfdc45-bb45-4671-a7f2-8b3562f8ed89_TERMS.PDF
5b5313bdf1ad32a783dfaf77,平安养老保险股份有限公司,平安母子安康疾病保险,健康保险-疾病保险-其它疾病保险,传统型产品,女性专属产品,个人,短期（一年及一年以下）,分期交费一次性交费兼有,平安养老[2014]疾病保险029号,在售, ,http://www.iachina.cn/IC/tkk/03/d19b78be-1a82-42a0-814c-c964d882e6e1_TERMS.PDF
5b5313bdf1ad32a783dfaf78,泰康人寿保险有限责任公司,泰康e顺轻症疾病保险,健康保险-非个人税收优惠型健康保险-疾病保险-其它疾病保险,传统型产品,无,个人,短期（一年及一年以下）,一次性交费,泰康人寿[2015]疾病保险057号,在售, ,http://www.iachina.cn/IC/tkk/03/e4d879dc-acbc-47eb-b785-ea1177b5cd7f_TERMS.PDF
5b5313bdf1ad32a783dfaf79,泰康人寿保险有限责任公司,泰康e顺白血病疾病保险,健康保险-非个人税收优惠型健康保险-疾病保险-其它疾病保险,传统型产品,无,个人,短期（一年及一年以下）,一次性交费,泰康人寿[2015]疾病保险058号,在售, ,http://www.iachina.cn/IC/tkk/03/c155494f-919b-4d47-837c-ec12f31d63cc_TERMS.PDF
5b5313bdf1ad32a783dfaf7a,泰康人寿保险有限责任公司,泰康甜蜜人生A款特定疾病保险,健康保险-疾病保险-其它疾病保险,传统型产品,无,个人,长期（超过一年或含有保证续保条款）,分期交费一次性交费兼有,泰康人寿[2015]疾病保险034号,在售, ,http://www.iachina.cn/IC/tkk/03/8bc74fdb-4347-4704-b6c9-54138c46eb58_TERMS.PDF
5b5313bdf1ad32a783dfaf7b,中国平安人寿保险股份有限公司,平安附加平安福提前给付特定疾病保险（2015）,健康保险-非个人税收优惠型健康保险-疾病保险-其它疾病保险,传统型产品,无,个人,长期（超过一年或含有保证续保条款）,分期交费,平安人寿[2015]疾病保险047号,停售,2016-09-27,http://www.iachina.cn/IC/tkk/03/3a432192-bd97-47a1-a3eb-c06905319477_TERMS.PDF
5b5313bdf1ad32a783dfaf7c,中国平安人寿保险股份有限公司,平安附加护身福提前给付特定疾病保险（2015）,健康保险-非个人税收优惠型健康保险-疾病保险-其它疾病保险,传统型产品,无,个人,长期（超过一年或含有保证续保条款）,分期交费,平安人寿[2015]疾病保险048号,停售,2016-09-27,http://www.iachina.cn/IC/tkk/03/288478db-b078-4855-9c6e-cc63db17e835_TERMS.PDF
5b5313bdf1ad32a783dfaf7d,太平人寿保险有限公司,太平爱健康特定疾病保险,健康保险-非个人税收优惠型健康保险-疾病保险-其它疾病保险,传统型产品,无,个人,短期（一年及一年以下）,一次性交费,太平人寿[2015]疾病保险071号,在售, ,http://www.iachina.cn/IC/tkk/03/f036a585-193d-46b1-a5d7-ede38d9fd8fc_TERMS.PDF
5b5313bdf1ad32a783dfaf7e,民生人寿保险股份有限公司,民生U+女性特定疾病保险,健康保险-非个人税收优惠型健康保险-疾病保险-其它疾病保险,传统型产品,女性专属产品,个人,短期（一年及一年以下）,一次性交费,民生保险[2015]疾病保险035号,停售,2017-07-06,http://www.iachina.cn/IC/tkk/03/53483eb9-387f-4b78-9f34-21420c97e2a1_TERMS.PDF
5b5313bdf1ad32a783dfaf7f,和谐健康保险股份有限公司,和谐附加健康之星少儿特定疾病保险,健康保险-非个人税收优惠型健康保险-疾病保险-其它疾病保险,传统型产品,少儿专属产品,个人,长期（超过一年或含有保证续保条款）,灵活交费,和谐健康[2015]疾病保险017号,在售, ,http://www.iachina.cn/IC/tkk/03/6f5b45dc-b16a-4cfe-8ca3-0c89334139f8_TERMS.PDF
5b5313bdf1ad32a783dfaf80,和谐健康保险股份有限公司,和谐健康之家定期综合疾病保险,健康保险-非个人税收优惠型健康保险-疾病保险-其它疾病保险,传统型产品,无,个人,长期（超过一年或含有保证续保条款）,灵活交费,和谐健康[2015]疾病保险024号,在售, ,http://www.iachina.cn/IC/tkk/03/59ab32b4-e81b-4786-873b-fbc01427eeb9_TERMS.PDF
5b5313bdf1ad32a783dfaf81,和谐健康保险股份有限公司,和谐健康之家终身综合疾病保险,健康保险-非个人税收优惠型健康保险-疾病保险-其它疾病保险,传统型产品,无,个人,长期（超过一年或含有保证续保条款）,灵活交费,和谐健康[2015]疾病保险025号,在售, ,http://www.iachina.cn/IC/tkk/03/94a3f6f9-2d03-4c15-8d3d-10d5e07e2417_TERMS.PDF
5b5313bdf1ad32a783dfaf82,和谐健康保险股份有限公司,和谐附加轻症疾病保险,健康保险-非个人税收优惠型健康保险-疾病保险-其它疾病保险,传统型产品,无,个人,长期（超过一年或含有保证续保条款）,分期交费一次性交费兼有,和谐健康[2014]疾病保险030号,在售, ,http://www.iachina.cn/IC/tkk/03/6e93bb9c-cd36-4304-8c1c-ff8e84262820_TERMS.PDF
5b5313bdf1ad32a783dfaf83,中意人寿保险有限公司,中意附加轻症疾病保险,健康保险-非个人税收优惠型健康保险-疾病保险-其它疾病保险,传统型产品,无,个人,长期（超过一年或含有保证续保条款）,分期交费一次性交费兼有,中意人寿[2015]疾病保险032号,在售, ,http://www.iachina.cn/IC/tkk/03/1ec023fc-5ff7-4ea6-85a4-7b2d7d58580e_TERMS.PDF
5b5313bdf1ad32a783dfaf84,中国太平洋人寿保险股份有限公司,花样年华特定疾病保险（H2016）,健康保险-非个人税收优惠型健康保险-疾病保险-其它疾病保险,传统型产品,女性专属产品,个人,短期（一年及一年以下）,一次性交费,太平洋人寿[2016]疾病保险002号,在售, ,http://www.iachina.cn/IC/tkk/03/a0d3e459-9b69-460b-983e-5b498e72b690_TERMS.PDF
5b5313bdf1ad32a783dfaf85,弘康人寿保险股份有限公司,弘康附加轻症疾病保险,健康保险-非个人税收优惠型健康保险-疾病保险-其它疾病保险,传统型产品,无,个人,长期（超过一年或含有保证续保条款）,分期交费,弘康人寿[2015]疾病保险028号,停售,2017-07-14,http://www.iachina.cn/IC/tkk/03/36862759-dec0-486d-99a0-180feb9a51f8_TERMS.PDF
5b5313bdf1ad32a783dfaf86,中银三星人寿保险有限公司,中银三星附加女性特定疾病保险,健康保险-非个人税收优惠型健康保险-疾病保险-其它疾病保险,传统型产品,无,个人,长期（超过一年或含有保证续保条款）,分期交费一次性交费兼有,中银三星人寿[2015]疾病保险082号,在售, ,http://www.iachina.cn/IC/tkk/03/fadaa362-a003-443a-a218-fd7fa1068ad0_TERMS.PDF
5b5313bdf1ad32a783dfaf87,中银三星人寿保险有限公司,中银三星关爱女性专项疾病保险,健康保险-非个人税收优惠型健康保险-疾病保险-其它疾病保险,传统型产品,无,个人,短期（一年及一年以下）,一次性交费,中银三星人寿[2015]疾病保险014号,在售, ,http://www.iachina.cn/IC/tkk/03/f0de10be-1955-441b-a02c-607b5be62343_TERMS.PDF
5b5313bdf1ad32a783dfaf88,中银三星人寿保险有限公司,中银三星成长健康专项疾病保险,健康保险-非个人税收优惠型健康保险-疾病保险-其它疾病保险,传统型产品,无,个人,短期（一年及一年以下）,一次性交费,中银三星人寿[2015]疾病保险013号,在售, ,http://www.iachina.cn/IC/tkk/03/09a800d5-45ca-4922-a117-4842ad4e22fe_TERMS.PDF
5b5313bdf1ad32a783dfaf89,太保安联健康保险股份有限公司,团体疾病身故定额给付疾病保险,健康保险-非个人税收优惠型健康保险-疾病保险-其它疾病保险,传统型产品,无,团体,短期（一年及一年以下）,一次性交费,灵活交费,太保安联健康险[2015]医疗保险001号,在售, ,http://www.iachina.cn/IC/tkk/03/440dde16-f2e8-4bfb-b933-1f1038116bd6_TERMS.PDF
5b5313bdf1ad32a783dfaf8a,百年人寿保险股份有限公司,百年附加安康一生保费豁免轻症疾病保险,健康保险-非个人税收优惠型健康保险-疾病保险-其它疾病保险,传统型产品,无,个人,短期（一年及一年以下）,一次性交费,百年人寿[2015]疾病保险024号,在售, ,http://www.iachina.cn/IC/tkk/03/530436cf-f348-49f1-96e6-cbad96b6bcee_TERMS.PDF
5b5313bdf1ad32a783dfaf8b,安邦人寿保险股份有限公司,安邦久久恶性肿瘤疾病保险,健康保险-非个人税收优惠型健康保险-疾病保险-其它疾病保险,传统型产品,无,个人,短期（一年及一年以下）,一次性交费,安邦人寿[2015]疾病保险044号,在售, ,http://www.iachina.cn/IC/tkk/03/33a721c5-31ca-4c7a-9693-9b64ac4e7d3d_TERMS.PDF
5b5313bdf1ad32a783dfaf8c,安邦人寿保险股份有限公司,安邦附加久久特定恶性肿瘤疾病保险,健康保险-非个人税收优惠型健康保险-疾病保险-其它疾病保险,传统型产品,无,个人,短期（一年及一年以下）,一次性交费,安邦人寿[2015]疾病保险046号,在售, ,http://www.iachina.cn/IC/tkk/03/ac3230b5-9aaf-46bc-971e-c4a3d6377f66_TERMS.PDF
5b5313bdf1ad32a783dfaf8d,昆仑健康保险股份有限公司,昆仑健康保险股份有限公司糖尿病人群终身疾病保险（A款）,健康保险-非个人税收优惠型健康保险-疾病保险-其它疾病保险,传统型产品,无,个人,长期（超过一年或含有保证续保条款）,灵活交费,昆仑健康[2015]疾病保险035号,停售,2018-07-18,http://www.iachina.cn/IC/tkk/03/0c45b88e-eb8e-42dd-8cd8-6b3699e23316_TERMS.PDF
5b5313bdf1ad32a783dfaf8e,中国平安人寿保险股份有限公司,平安附加豁免保险费特定疾病保险（C，2015）,健康保险-非个人税收优惠型健康保险-疾病保险-其它疾病保险,传统型产品,无,个人,长期（超过一年或含有保证续保条款）,分期交费,平安人寿[2015]疾病保险050号,停售,2017-07-06,http://www.iachina.cn/IC/tkk/03/c3c55c17-ff3d-4818-bfe3-db0fd63c5023_TERMS.PDF
5b5313bdf1ad32a783dfaf8f,中国平安人寿保险股份有限公司,平安附加豁免保险费特定疾病保险（B，2015）,健康保险-非个人税收优惠型健康保险-疾病保险-其它疾病保险,传统型产品,无,个人,长期（超过一年或含有保证续保条款）,分期交费,平安人寿[2015]疾病保险049号,停售,2017-07-06,http://www.iachina.cn/IC/tkk/03/3e24cbfa-e6ab-4c39-b514-a66989ea3191_TERMS.PDF
5b5313bdf1ad32a783dfaf90,中国人民健康保险股份有限公司,中国人民健康保险股份有限公司预防接种异常反应团体疾病保险,健康保险-非个人税收优惠型健康保险-疾病保险-其它疾病保险,传统型产品,无,团体,短期（一年及一年以下）,一次性交费,人保健康[2015]疾病保险020号,在售, ,http://www.iachina.cn/IC/tkk/03/3879423e-6499-4bf9-8174-04867ae61cec_TERMS.PDF
5b5313bdf1ad32a783dfaf91,信泰人寿保险股份有限公司,信泰百万女性疾病保险,健康保险-非个人税收优惠型健康保险-疾病保险-其它疾病保险,传统型产品,女性专属产品,个人,长期（超过一年或含有保证续保条款）,分期交费一次性交费兼有,信泰人寿[2015]疾病保险054号,停售,2017-08-28,http://www.iachina.cn/IC/tkk/03/6db15aea-0d49-4eed-84e5-569e885165b4_TERMS.PDF
5b5313bdf1ad32a783dfaf92,信泰人寿保险股份有限公司,信泰精心呵护疾病保险,健康保险-非个人税收优惠型健康保险-疾病保险-其它疾病保险,传统型产品,无,个人,长期（超过一年或含有保证续保条款）,分期交费,信泰人寿[2015]疾病保险056号,停售,2017-08-28,http://www.iachina.cn/IC/tkk/03/76eaea66-6e2c-4891-9191-7f79603b2052_TERMS.PDF
5b5313bdf1ad32a783dfaf93,英大泰和人寿保险股份有限公司,英大健和团体疾病保险,健康保险-非个人税收优惠型健康保险-疾病保险-其它疾病保险,传统型产品,无,团体,短期（一年及一年以下）,一次性交费,英大人寿[2015]疾病保险023号,停用,2017-12-11,http://www.iachina.cn/IC/tkk/03/c78d71b7-5836-4ffd-8e9f-6b90a448a081_TERMS.PDF
5b5313bdf1ad32a783dfaf94,中国人民人寿保险股份有限公司,人保寿险附加团体长期特定疾病保险,健康保险-非个人税收优惠型健康保险-疾病保险-其它疾病保险,传统型产品,无,团体,长期（超过一年或含有保证续保条款）,分期交费一次性交费兼有,人保寿险[2016]疾病保险002号,在售, ,http://www.iachina.cn/IC/tkk/03/9b78e57c-a751-4595-bbc5-f00f4a07089a_TERMS.PDF
5b5313bdf1ad32a783dfaf95,珠江人寿保险股份有限公司,珠江I康恶性肿瘤疾病保险,健康保险-非个人税收优惠型健康保险-疾病保险-其它疾病保险,传统型产品,无,个人,短期（一年及一年以下）,一次性交费,珠江人寿[2015]疾病保险036号,停售,2017-02-07,http://www.iachina.cn/IC/tkk/03/0dc278dd-e356-47a3-97da-c73b4a3a6b2d_TERMS.PDF
5b5313bdf1ad32a783dfaf96,中国平安人寿保险股份有限公司,平安附加少儿平安福豁免保险费特定疾病保险,健康保险-非个人税收优惠型健康保险-疾病保险-其它疾病保险,传统型产品,少儿专属产品,个人,长期（超过一年或含有保证续保条款）,分期交费,平安人寿[2016]疾病保险013号,在售, ,http://www.iachina.cn/IC/tkk/03/519ac57f-45f2-4bad-a58d-4c6dd06dd237_TERMS.PDF
5b5313bdf1ad32a783dfaf97,信泰人寿保险股份有限公司,信泰康伴金生疾病保险,健康保险-非个人税收优惠型健康保险-疾病保险-其它疾病保险,传统型产品,无,个人,长期（超过一年或含有保证续保条款）,分期交费,信泰人寿[2016]疾病保险,停售,2017-08-29,http://www.iachina.cn/IC/tkk/03/1b0542e5-69b6-4e54-9cb9-4aee85fda732_TERMS.PDF
5b5313bdf1ad32a783dfaf98,信泰人寿保险股份有限公司,信泰莫非尔丽成长无忧疾病保险,健康保险-非个人税收优惠型健康保险-疾病保险-其它疾病保险,传统型产品,无,个人,长期（超过一年或含有保证续保条款）,分期交费一次性交费兼有,信泰人寿[2016]疾病保险,停售,2018-03-09,http://www.iachina.cn/IC/tkk/03/05cec776-1f78-4001-8796-026bb13b5c0e_TERMS.PDF
5b5313bdf1ad32a783dfaf99,英大泰和人寿保险股份有限公司,英大人寿好孕母婴疾病保险,健康保险-非个人税收优惠型健康保险-疾病保险-其它疾病保险,传统型产品,女性专属产品,个人,短期（一年及一年以下）,一次性交费,英大人寿[2016]疾病保险009号,在售, ,http://www.iachina.cn/IC/tkk/03/ffcb018e-2d91-4ccd-be6b-195b8445fdaf_TERMS.PDF
5b5313bdf1ad32a783dfaf9a,英大泰和人寿保险股份有限公司,英大人寿附加女性疾病保险,健康保险-非个人税收优惠型健康保险-疾病保险-其它疾病保险,传统型产品,女性专属产品,个人,长期（超过一年或含有保证续保条款）,分期交费一次性交费兼有,英大人寿[2016]疾病保险006号,在售, ,http://www.iachina.cn/IC/tkk/03/4aed8b4d-eb8b-4f9f-a10c-2dcfc592d62c_TERMS.PDF
5b5313bdf1ad32a783dfaf9b,英大泰和人寿保险股份有限公司,英大人寿母婴疾病保险,健康保险-非个人税收优惠型健康保险-疾病保险-其它疾病保险,传统型产品,女性专属产品,个人,短期（一年及一年以下）,一次性交费,英大人寿[2016]疾病保险010号,在售, ,http://www.iachina.cn/IC/tkk/03/47b10a25-1fd6-47c5-8040-3a9763a17fd5_TERMS.PDF
5b5313bdf1ad32a783dfaf9c,中邮人寿保险股份有限公司,中邮附加少儿疾病保险,健康保险-非个人税收优惠型健康保险-疾病保险-其它疾病保险,传统型产品,少儿专属产品,个人,长期（超过一年或含有保证续保条款）,分期交费一次性交费兼有,中邮保险〔2015〕疾病保险011号,在售, ,http://www.iachina.cn/IC/tkk/03/a7c4d367-502e-4fe6-9917-48bba2b1ff4b_TERMS.PDF
5b5313bdf1ad32a783dfaf9d,同方全球人寿保险有限公司,同方全球附加「康乐无忧」特定疾病保险,健康保险-非个人税收优惠型健康保险-疾病保险-其它疾病保险,传统型产品,无,个人,长期（超过一年或含有保证续保条款）,分期交费,同方全球人寿[2015]疾病保险074号,在售, ,http://www.iachina.cn/IC/tkk/03/32d04d25-b4ee-42ff-9299-25ba962a3a12_TERMS.PDF
5b5313bdf1ad32a783dfaf9e,合众人寿保险股份有限公司,合众一年期少儿重大疾病保险（B）款,健康保险-非个人税收优惠型健康保险-疾病保险-其它疾病保险,传统型产品,少儿专属产品,个人,短期（一年及一年以下）,一次性交费,合众人寿（2014）疾病保险015号,在售, ,http://www.iachina.cn/IC/tkk/03/15cf7b2f-97ea-4604-8dd2-7d595286b7e9_TERMS.PDF
5b5313bdf1ad32a783dfaf9f,安邦人寿保险股份有限公司,安邦久久特定恶性肿瘤疾病保险,健康保险-非个人税收优惠型健康保险-疾病保险-其它疾病保险,传统型产品,无,个人,短期（一年及一年以下）,一次性交费,安邦人寿[2015]疾病保险045号,在售, ,http://www.iachina.cn/IC/tkk/03/ccb85059-b69d-425d-95b2-72733bf724f7_TERMS.PDF
5b5313bdf1ad32a783dfafa0,长城人寿保险股份有限公司,长城附加保险费豁免轻症疾病保险,健康保险-非个人税收优惠型健康保险-疾病保险-其它疾病保险,传统型产品,无,个人,长期（超过一年或含有保证续保条款）,分期交费,长城人寿【2016】疾病保险012号,在售, ,http://www.iachina.cn/IC/tkk/03/e2bc1842-1e8c-411f-ad55-da8fe7d98dd7_TERMS.PDF
5b5313bdf1ad32a783dfafa1,国联人寿保险股份有限公司,国联人寿保险股份有限公司灵康少儿特定疾病保险,健康保险-非个人税收优惠型健康保险-疾病保险-其它疾病保险,传统型产品,少儿专属产品,个人,长期（超过一年或含有保证续保条款）,一次性交费,国联人寿〔2015〕疾病保险033号,停售,2017-05-27,http://www.iachina.cn/IC/tkk/03/947bdc3c-491a-45c8-9d7f-27950a0a03e6_TERMS.PDF
5b5313bdf1ad32a783dfafa2,恒安标准人寿保险有限公司,恒安标准附加原位癌特定疾病保险（A款）,健康保险-非个人税收优惠型健康保险-疾病保险-其它疾病保险,传统型产品,无,个人,长期（超过一年或含有保证续保条款）,分期交费,恒安标准人寿[2016]疾病保险007号,停售,2018-05-10,http://www.iachina.cn/IC/tkk/03/ced31273-66ad-47ca-a1eb-4f311b5359a3_TERMS.PDF
5b5313bdf1ad32a783dfafa3,恒安标准人寿保险有限公司,恒安标准附加原位癌特定疾病保险（B款）,健康保险-非个人税收优惠型健康保险-疾病保险-其它疾病保险,传统型产品,无,个人,长期（超过一年或含有保证续保条款）,分期交费,恒安标准人寿[2016]疾病保险008号,停售,2018-05-10,http://www.iachina.cn/IC/tkk/03/2aad5243-5712-4804-afb5-e9660184fbf2_TERMS.PDF
5b5313bdf1ad32a783dfafa4,泰康人寿保险有限责任公司,泰康健康相伴豁免保险费疾病保险,其它疾病保险,普通型,无,个人,长期（超过一年或含有保证续保条款）,灵活交费,泰康人寿[2016]疾病保险011号,停用,2018-04-12,http://www.iachina.cn/IC/tkk/03/e0416f94-7a73-4559-a847-41e463d74dbf_TERMS.PDF
5b5313bdf1ad32a783dfafa5,平安养老保险股份有限公司,平安附加关爱一生团体终身特定疾病保险,健康保险-非个人税收优惠型健康保险-疾病保险-其它疾病保险,传统型产品,无,团体,长期（超过一年或含有保证续保条款）,分期交费一次性交费兼有,平安养老[2016]疾病保险015号,停用,2017-09-19,http://www.iachina.cn/IC/tkk/03/85c89208-3529-4ed2-9816-836f2887aca7_TERMS.PDF
5b5313bdf1ad32a783dfafa6,中宏人寿保险有限公司,中宏完美孕期疾病保险,健康保险-非个人税收优惠型健康保险-疾病保险-其它疾病保险,传统型产品,女性专属产品,个人,短期（一年及一年以下）,一次性交费,中宏人寿[2016]疾病保险005号,在售, ,http://www.iachina.cn/IC/tkk/03/325ca2d7-517c-4a19-82b9-8d7a4c844c2a_TERMS.PDF
5b5313bdf1ad32a783dfafa7,中荷人寿保险有限公司,中荷附加金宝贝疾病保险,其它疾病保险,普通型,少儿专属产品,个人,长期（超过一年或含有保证续保条款）,分期交费,中荷人寿[2016]疾病保险005号,停用,2017-04-06,http://www.iachina.cn/IC/tkk/03/69c760dd-f980-439d-bbbc-450461299fe6_TERMS.PDF
5b5313bdf1ad32a783dfafa8,平安养老保险股份有限公司,平安附加轻度重大疾病保险,健康保险-非个人税收优惠型健康保险-疾病保险-其它疾病保险,传统型产品,无,个人,短期（一年及一年以下）,分期交费一次性交费兼有,平安养老[2015]疾病保险005号,在售, ,http://www.iachina.cn/IC/tkk/03/86f2f2b1-f46f-4e4e-82f9-cd740acc5204_TERMS.PDF
5b5313bdf1ad32a783dfafa9,珠江人寿保险股份有限公司,珠江附加康意金生恶性肿瘤疾病保险,健康保险-非个人税收优惠型健康保险-疾病保险-其它疾病保险,传统型产品,无,个人,短期（一年及一年以下）,一次性交费,珠江人寿[2015]疾病保险016号,停售,2017-02-07,http://www.iachina.cn/IC/tkk/03/3bfdb713-3a96-4dd2-9f64-723a4e95a48c_TERMS.PDF
5b5313bdf1ad32a783dfafaa,中宏人寿保险有限公司,中宏宝贝神器疾病保险,健康保险-非个人税收优惠型健康保险-疾病保险-其它疾病保险,传统型产品,少儿专属产品,个人,短期（一年及一年以下）,一次性交费,中宏人寿[2016]疾病保险006号,在售, ,http://www.iachina.cn/IC/tkk/03/27e54eee-8562-4311-a074-d8a858c4b69b_TERMS.PDF
5b5313bdf1ad32a783dfafab,交银康联人寿保险有限公司,交银康联附加交银健康人生轻症疾病保险（安康版）,健康保险-非个人税收优惠型健康保险-疾病保险-其它疾病保险,传统型产品,无,个人,长期（超过一年或含有保证续保条款）,分期交费,交银康联[2015]疾病保险015号,停售,2017-03-15,http://www.iachina.cn/IC/tkk/03/e718f74c-b0ae-4687-bc34-6904efb85c37_TERMS.PDF
5b5313bdf1ad32a783dfafac,生命人寿保险股份有限公司,富德生命母婴康顺疾病保险,健康保险-非个人税收优惠型健康保险-疾病保险-其它疾病保险,传统型产品,女性专属产品,个人,短期（一年及一年以下）,一次性交费,富德生命[2016]疾病保险131号,在售, ,http://www.iachina.cn/IC/tkk/03/eb01db7b-d533-46c8-a35a-0c25f952bf7b_TERMS.PDF
5b5313bdf1ad32a783dfafad,生命人寿保险股份有限公司,富德生命永丽女性特有疾病保险,健康保险-非个人税收优惠型健康保险-疾病保险-其它疾病保险,传统型产品,女性专属产品,个人,短期（一年及一年以下）,一次性交费,富德生命[2016]疾病保险117号,在售, ,http://www.iachina.cn/IC/tkk/03/84120425-4078-4eeb-a78f-2cb8373265d8_TERMS.PDF
5b5313bdf1ad32a783dfafae,同方全球人寿保险有限公司,同方全球附加（B款）恶性肿瘤疾病保险,健康保险-非个人税收优惠型健康保险-疾病保险-其它疾病保险,传统型产品,无,个人,长期（超过一年或含有保证续保条款）,分期交费一次性交费兼有,同方全球人寿[2016]疾病保险016号,在售, ,http://www.iachina.cn/IC/tkk/03/7271e4b7-0e0c-4c26-9e5e-277b9f93f4bb_TERMS.PDF
5b5313bdf1ad32a783dfafaf,中国人寿保险股份有限公司,国寿终身疾病保险（尊享版）,健康保险-非个人税收优惠型健康保险-疾病保险-其它疾病保险,传统型产品,无,个人,长期（超过一年或含有保证续保条款）,分期交费一次性交费兼有,中国人寿〔2016〕疾病保险026号,在售, ,http://www.iachina.cn/IC/tkk/03/38a0b63e-4470-416d-9e37-8c7fd6f8956c_TERMS.PDF
5b5313bdf1ad32a783dfafb0,中国人寿保险股份有限公司,国寿附加终身疾病保险（尊享版）,健康保险-非个人税收优惠型健康保险-疾病保险-其它疾病保险,传统型产品,无,个人,长期（超过一年或含有保证续保条款）,分期交费一次性交费兼有,中国人寿〔2016〕疾病保险027号,在售, ,http://www.iachina.cn/IC/tkk/03/1f17b5c6-539a-4827-bf83-115ffcc12734_TERMS.PDF
5b5313bdf1ad32a783dfafb1,中国人寿保险股份有限公司,国寿附加豁免保险费少儿疾病保险（尊享版）,健康保险-非个人税收优惠型健康保险-疾病保险-其它疾病保险,传统型产品,少儿专属产品,个人,长期（超过一年或含有保证续保条款）,分期交费,中国人寿〔2016〕疾病保险025号,在售, ,http://www.iachina.cn/IC/tkk/03/08a74f9c-f22c-4832-bddc-d23facaf2719_TERMS.PDF
5b5313bdf1ad32a783dfafb2,中意人寿保险有限公司,中意百万宝贝专项疾病保险,健康保险-非个人税收优惠型健康保险-疾病保险-其它疾病保险,传统型产品,少儿专属产品,个人,短期（一年及一年以下）,一次性交费,中意人寿[2015]意外伤害保险010号,在售, ,http://www.iachina.cn/IC/tkk/03/ead5b627-4dae-43de-a5ec-16507cbde562_TERMS.PDF
5b5313bdf1ad32a783dfafb3,中德安联人寿保险有限公司,安联安孕无忧母婴疾病保险,健康保险-非个人税收优惠型健康保险-疾病保险-其它疾病保险,传统型产品,女性专属产品,个人,短期（一年及一年以下）,一次性交费,中德安联人寿[2016]疾病保险007号,在售, ,http://www.iachina.cn/IC/tkk/03/c2a2084f-a171-464f-a644-bf527108ca40_TERMS.PDF
5b5313bdf1ad32a783dfafb4,太平人寿保险有限公司,太平安孕无忧母婴特定疾病保险,健康保险-非个人税收优惠型健康保险-疾病保险-其它疾病保险,传统型产品,女性专属产品,个人,短期（一年及一年以下）,一次性交费,太平人寿[2016]疾病保险012号,在售, ,http://www.iachina.cn/IC/tkk/03/bca1c083-178f-4d4d-82ea-b7da35fd9813_TERMS.PDF
5b5313bdf1ad32a783dfafb5,中国太平洋人寿保险股份有限公司,附加疫苗接种特定疾病保险,健康保险-非个人税收优惠型健康保险-疾病保险-其它疾病保险,传统型产品,无,个人,短期（一年及一年以下）,一次性交费,太平洋人寿[2016]疾病保险023号,在售, ,http://www.iachina.cn/IC/tkk/03/4a61d847-0acd-4ccd-ba79-cac3eea4386b_TERMS.PDF
5b5313bdf1ad32a783dfafb6,中国太平洋人寿保险股份有限公司,附加疫苗接种团体特定疾病保险,健康保险-非个人税收优惠型健康保险-疾病保险-其它疾病保险,传统型产品,无,团体,短期（一年及一年以下）,一次性交费,太平洋人寿[2016]疾病保险025号,在售, ,http://www.iachina.cn/IC/tkk/03/053f1df5-cc36-46e9-bd8b-1da726513ad7_TERMS.PDF
5b5313bdf1ad32a783dfafb7,中德安联人寿保险有限公司,安联附加轻症疾病保险,健康保险-非个人税收优惠型健康保险-疾病保险-其它疾病保险,传统型产品,无,个人,长期（超过一年或含有保证续保条款）,分期交费一次性交费兼有,中德安联人寿[2016]疾病保险020号,在售, ,http://www.iachina.cn/IC/tkk/03/ffa2940d-df15-4d63-9b5f-6f38058f80d6_TERMS.PDF
5b5313bdf1ad32a783dfafb8,招商信诺人寿保险有限公司,招商信诺E诺女性特定疾病保险,健康保险-非个人税收优惠型健康保险-疾病保险-其它疾病保险,传统型产品,女性专属产品,个人,短期（一年及一年以下）,一次性交费,招商信诺[2016]疾病保险010号,在售, ,http://www.iachina.cn/IC/tkk/03/d334963c-53dc-4811-bb29-737d2af00244_TERMS.PDF
5b5313bdf1ad32a783dfafb9,招商信诺人寿保险有限公司,招商信诺糖无忧特定疾病保险,健康保险-非个人税收优惠型健康保险-疾病保险-其它疾病保险,传统型产品,无,个人,长期（超过一年或含有保证续保条款）,分期交费,招商信诺[2016]疾病保险006号,停售,2018-05-14,http://www.iachina.cn/IC/tkk/03/02547bd9-bb5b-45fd-9991-e14608a5e0a8_TERMS.PDF
5b5313bdf1ad32a783dfafba,招商信诺人寿保险有限公司,招商信诺老友安心三代疾病保险A款,健康保险-非个人税收优惠型健康保险-疾病保险-其它疾病保险,传统型产品,老年专属产品,个人,长期（超过一年或含有保证续保条款）,分期交费,招商信诺[2015]疾病保险070号,停售,2017-07-13,http://www.iachina.cn/IC/tkk/03/556db5c9-2bc6-4bf7-9e36-ab99c8b1fdab_TERMS.PDF
5b5313bdf1ad32a783dfafbb,华夏人寿保险股份有限公司,华夏爱婴宝特定疾病保险,健康保险-非个人税收优惠型健康保险-疾病保险-其它疾病保险,传统型产品,少儿专属产品,个人,短期（一年及一年以下）,一次性交费,华夏人寿[2016]疾病保险025号,停售,2018-04-10,http://www.iachina.cn/IC/tkk/03/c1e3aa9c-9bef-46ff-8cc8-2113ec290c03_TERMS.PDF
5b5313bdf1ad32a783dfafbc,招商信诺人寿保险有限公司,招商信诺老友安心三代疾病保险B款,健康保险-非个人税收优惠型健康保险-疾病保险-其它疾病保险,传统型产品,老年专属产品,个人,长期（超过一年或含有保证续保条款）,分期交费,招商信诺[2015]疾病保险071号,停用,2016-12-06,http://www.iachina.cn/IC/tkk/03/65e22f00-6bec-4573-97f3-818c485ab157_TERMS.PDF
5b5313bdf1ad32a783dfafbd,国华人寿保险股份有限公司,国华华安轻症疾病保险,健康保险-非个人税收优惠型健康保险-疾病保险-其它疾病保险,传统型产品,无,个人,短期（一年及一年以下）,一次性交费,国华人寿[2016]疾病保险025号,在售, ,http://www.iachina.cn/IC/tkk/03/1fdc9bf2-c248-404d-a78d-d43e326d5917_TERMS.PDF
5b5313bdf1ad32a783dfafbe,招商信诺人寿保险有限公司,招商信诺老友安心三代疾病保险B款,健康保险-非个人税收优惠型健康保险-疾病保险-其它疾病保险,传统型产品,老年专属产品,个人,长期（超过一年或含有保证续保条款）,分期交费,招商信诺[2016]疾病保险033号,在售, ,http://www.iachina.cn/IC/tkk/03/debad8d6-fbbd-4995-978a-30b03688042a_TERMS.PDF
5b5313bdf1ad32a783dfafbf,招商信诺人寿保险有限公司,招商信诺附加珍爱未来少儿特定疾病保险B款,健康保险-非个人税收优惠型健康保险-疾病保险-其它疾病保险,传统型产品,少儿专属产品,个人,长期（超过一年或含有保证续保条款）,分期交费,招商信诺[2014]疾病保险047号,在售, ,http://www.iachina.cn/IC/tkk/03/a7c8e58d-0693-4f05-81f6-2bf03a096ab5_TERMS.PDF
5b5313bdf1ad32a783dfafc0,中意人寿保险有限公司,中意附加永康B款豁免保险费疾病保险,健康保险-非个人税收优惠型健康保险-疾病保险-其它疾病保险,传统型产品,无,个人,长期（超过一年或含有保证续保条款）,分期交费一次性交费兼有,中意人寿[2016]疾病保险011号,在售, ,http://www.iachina.cn/IC/tkk/03/f3fa24e6-7a37-44d6-aeeb-b418e30be140_TERMS.PDF
5b5313bdf1ad32a783dfafc1,弘康人寿保险股份有限公司,弘康附加轻症B款疾病保险,健康保险-非个人税收优惠型健康保险-疾病保险-其它疾病保险,传统型产品,无,个人,长期（超过一年或含有保证续保条款）,分期交费,弘康人寿[2016]疾病保险015号,在售, ,http://www.iachina.cn/IC/tkk/03/40859dce-ccea-435d-9a4c-ab5d96f05537_TERMS.PDF
5b5313bdf1ad32a783dfafc2,新华人寿保险股份有限公司,新华人寿保险股份有限公司i她女性特定疾病保险,健康保险-非个人税收优惠型健康保险-疾病保险-其它疾病保险,传统型产品,女性专属产品,个人,短期（一年及一年以下）,一次性交费,新华保险[2016]疾病保险091号,停售,2017-05-12,http://www.iachina.cn/IC/tkk/03/7de6264d-8544-41d5-87da-6f43395d9cfd_TERMS.PDF
5b5313bdf1ad32a783dfafc3,中国人寿保险股份有限公司,国寿少儿疾病保险（尊享版）,健康保险-非个人税收优惠型健康保险-疾病保险-其它疾病保险,传统型产品,少儿专属产品,个人,长期（超过一年或含有保证续保条款）,分期交费一次性交费兼有,中国人寿〔2016〕疾病保险024号,在售, ,http://www.iachina.cn/IC/tkk/03/bcb06bde-b536-4e5d-ab59-fe2a96cfd353_TERMS.PDF
5b5313bdf1ad32a783dfafc4,中国平安人寿保险股份有限公司,平安附加豁免保险费35种特定疾病保险（B，2016）,其它疾病保险,普通型,无,个人,长期（超过一年或含有保证续保条款）,分期交费,平安人寿[2016]疾病保险058号,停用,2018-06-09,http://www.iachina.cn/IC/tkk/03/d4aad3f8-daba-4b49-95f5-2299dd984317_TERMS.PDF
5b5313bdf1ad32a783dfafc5,中国平安人寿保险股份有限公司,平安附加豁免保险费35种特定疾病保险（C，2016）,健康保险-非个人税收优惠型健康保险-疾病保险-其它疾病保险,传统型产品,无,个人,长期（超过一年或含有保证续保条款）,分期交费,平安人寿[2016]疾病保险060号,在售, ,http://www.iachina.cn/IC/tkk/03/b8aa15c0-1cf1-493d-8b20-605a6cfecdf0_TERMS.PDF
5b5313bdf1ad32a783dfafc6,中国平安人寿保险股份有限公司,平安附加平安福提前给付35种特定疾病保险（2016）,健康保险-非个人税收优惠型健康保险-疾病保险-其它疾病保险,传统型产品,无,个人,长期（超过一年或含有保证续保条款）,分期交费,平安人寿[2016]疾病保险054号,停售,2018-01-03,http://www.iachina.cn/IC/tkk/03/a7e36422-0aef-479d-835d-8c496e389f2b_TERMS.PDF
5b5313bdf1ad32a783dfafc7,中国平安人寿保险股份有限公司,平安附加豁免保险费50种特定疾病保险（B，2016）,健康保险-非个人税收优惠型健康保险-疾病保险-其它疾病保险,传统型产品,无,个人,长期（超过一年或含有保证续保条款）,分期交费,平安人寿[2016]疾病保险057号,在售, ,http://www.iachina.cn/IC/tkk/03/df7d5df7-d489-4d0d-9226-56e15bc91656_TERMS.PDF
5b5313bdf1ad32a783dfafc8,中国平安人寿保险股份有限公司,平安附加豁免保险费50种特定疾病保险（C，2016）,健康保险-非个人税收优惠型健康保险-疾病保险-其它疾病保险,传统型产品,无,个人,长期（超过一年或含有保证续保条款）,分期交费,平安人寿[2016]疾病保险059号,在售, ,http://www.iachina.cn/IC/tkk/03/a3f5abbb-90fd-42c9-b7ca-3cb21ee80f20_TERMS.PDF
5b5313bdf1ad32a783dfafc9,华夏人寿保险股份有限公司,华夏母婴宝疾病保险,健康保险-非个人税收优惠型健康保险-疾病保险-其它疾病保险,传统型产品,女性专属产品,个人,短期（一年及一年以下）,一次性交费,华夏人寿[2016]疾病保险026号,停售,2018-04-10,http://www.iachina.cn/IC/tkk/03/283abfe9-d59e-4f50-a6eb-4e660721db20_TERMS.PDF
5b5313bdf1ad32a783dfafca,中国人寿保险股份有限公司,国寿男性安康团体特定疾病保险,其它疾病保险,普通型,无,团体,短期（一年及一年以下）,一次性交费,中国人寿〔2016〕疾病保险038号,在售, ,http://www.iachina.cn/IC/tkk/03/d4e4ebe3-af89-4c63-bfca-9d35996d73d2_TERMS.PDF
5b5313bdf1ad32a783dfafcb,中国人寿保险股份有限公司,国寿附加少儿国寿福豁免保险费疾病保险（至尊版）,健康保险-非个人税收优惠型健康保险-疾病保险-其它疾病保险,传统型产品,无,个人,长期（超过一年或含有保证续保条款）,分期交费,中国人寿〔2017〕疾病保险008号,在售, ,http://www.iachina.cn/IC/tkk/03/1776f64b-1fff-4f21-bfb6-8971dbf66f19_TERMS.PDF
5b5313bdf1ad32a783dfafcc,昆仑健康保险股份有限公司,昆仑健康保险股份有限公司申康保肾长期特定疾病保险,健康保险-非个人税收优惠型健康保险-疾病保险-其它疾病保险,传统型产品,无,个人,长期（超过一年或含有保证续保条款）,分期交费一次性交费兼有,昆仑健康[2016],停售,2018-07-18,http://www.iachina.cn/IC/tkk/03/b94f94ac-ca32-4d34-aee8-344be199651d_TERMS.PDF
5b5313bdf1ad32a783dfafcd,中国平安人寿保险股份有限公司,平安附加护身福提前给付50种特定疾病保险（2016）,健康保险-非个人税收优惠型健康保险-疾病保险-其它疾病保险,传统型产品,无,个人,长期（超过一年或含有保证续保条款）,分期交费,平安人寿[2016]疾病保险055号,停售,2018-01-03,http://www.iachina.cn/IC/tkk/03/a23201ff-ac36-4521-b4c6-e98dd95a7ede_TERMS.PDF
5b5313bdf1ad32a783dfafce,中国平安人寿保险股份有限公司,平安附加平安福提前给付50种特定疾病保险（2016）,健康保险-非个人税收优惠型健康保险-疾病保险-其它疾病保险,传统型产品,无,个人,长期（超过一年或含有保证续保条款）,分期交费,平安人寿[2016]疾病保险053号,停售,2018-01-03,http://www.iachina.cn/IC/tkk/03/308f0968-55d6-4df2-a5bc-6cd0f608c8da_TERMS.PDF
5b5313bdf1ad32a783dfafcf,百年人寿保险股份有限公司,百年附加女性特定疾病保险,其它疾病保险,普通型,女性专属产品,个人,长期（超过一年或含有保证续保条款）,分期交费一次性交费兼有,百年人寿[2016]疾病保险030号,在售, ,http://www.iachina.cn/IC/tkk/03/1fa70ebb-fa2b-4e3c-9ae4-a8c4df2b955c_TERMS.PDF
5b5313bdf1ad32a783dfafd0,中国平安人寿保险股份有限公司,平安附加安康提前给付特定疾病保险,其它疾病保险,普通型,无,个人,长期（超过一年或含有保证续保条款）,分期交费,平安人寿[2017]疾病保险002号,在售, ,http://www.iachina.cn/IC/tkk/03/554fbbce-422c-4bc0-8f40-404e15e05a15_TERMS.PDF
5b5313bdf1ad32a783dfafd1,合众人寿保险股份有限公司,合众附加珍爱幸福特定疾病保险,其它疾病保险,普通型,无,个人,长期（超过一年或含有保证续保条款）,分期交费一次性交费兼有,合众人寿（2016）疾病保险020号,在售, ,http://www.iachina.cn/IC/tkk/03/a678a103-23ae-4133-91b9-46e2593cf640_TERMS.PDF
5b5313bdf1ad32a783dfafd2,合众人寿保险股份有限公司,合众糖无忧终身特定疾病保险,其它疾病保险,普通型,无,个人,长期（超过一年或含有保证续保条款）,分期交费一次性交费兼有,合众人寿（2016）疾病保险009号,在售, ,http://www.iachina.cn/IC/tkk/03/30212946-b654-4cb1-922c-0096a4842bfc_TERMS.PDF
5b5313bdf1ad32a783dfafd3,中荷人寿保险有限公司,中荷附加金宝贝疾病保险,健康保险-非个人税收优惠型健康保险-疾病保险-其它疾病保险,传统型产品,少儿专属产品,个人,长期（超过一年或含有保证续保条款）,分期交费,中荷人寿[2017]疾病保险3号,停售,2018-07-05,http://www.iachina.cn/IC/tkk/03/bb54f55e-b4d9-4d35-957d-9d3435a96328_TERMS.PDF
5b5313bdf1ad32a783dfafd4,英大泰和人寿保险股份有限公司,英大人寿女性团体疾病保险,其它疾病保险,普通型,女性专属产品,团体,短期（一年及一年以下）,一次性交费,英大人寿[2016]疾病保险003号,在售, ,http://www.iachina.cn/IC/tkk/03/89f35ba0-4063-4736-a768-9521005e733f_TERMS.PDF
5b5313bdf1ad32a783dfafd5,中国人寿保险股份有限公司,国寿附加福瑞安康豁免保险费疾病保险,健康保险-非个人税收优惠型健康保险-疾病保险-其它疾病保险,传统型产品,无,个人,长期（超过一年或含有保证续保条款）,分期交费,中国人寿〔2017〕疾病保险022号,在售, ,http://www.iachina.cn/IC/tkk/03/443c7e07-0c8b-4eb8-a45e-2c6ff590d6a7_TERMS.PDF
5b5313bdf1ad32a783dfafd6,国华人寿保险股份有限公司,国华团体女性疾病保险（2015）,其它疾病保险,普通型,女性专属产品,团体,短期（一年及一年以下）,一次性交费,国华人寿[2015]疾病保险053号,在售, ,http://www.iachina.cn/IC/tkk/03/d8dc44c7-2424-4f5f-8659-7b35646bd0c5_TERMS.PDF
5b5313bdf1ad32a783dfafd7,昆仑健康保险股份有限公司,昆仑健康保险股份有限公司疾病无忧疾病保险,健康保险-非个人税收优惠型健康保险-疾病保险-其它疾病保险,传统型产品,无,个人,短期（一年及一年以下）,灵活交费,昆仑健康[2017]疾病保险014号,停售,2018-07-18,http://www.iachina.cn/IC/tkk/03/f5632980-f1f0-4eb1-8dcf-0280f6550838_TERMS.PDF
5b5313bdf1ad32a783dfafd8,中国平安人寿保险股份有限公司,平安附加护身福提前给付35种特定疾病保险（2016）,健康保险-非个人税收优惠型健康保险-疾病保险-其它疾病保险,传统型产品,无,个人,长期（超过一年或含有保证续保条款）,分期交费,平安人寿[2016]疾病保险056号,停售,2018-01-03,http://www.iachina.cn/IC/tkk/03/e1e32981-18f9-4af5-ab19-be89d75d29e1_TERMS.PDF
5b5313bdf1ad32a783dfafd9,中荷人寿保险有限公司,中荷附加薪满意康女性特定疾病保险,健康保险-非个人税收优惠型健康保险-疾病保险-其它疾病保险,传统型产品,女性专属产品,个人,长期（超过一年或含有保证续保条款）,分期交费,中荷人寿[2017]疾病保险10号,停售,2018-07-05,http://www.iachina.cn/IC/tkk/03/1ae2354e-2458-4507-a414-d446c9f7d789_TERMS.PDF
5b5313bdf1ad32a783dfafda,中国人寿保险股份有限公司,国寿康宁少儿疾病保险,其它疾病保险,普通型,无,个人,长期（超过一年或含有保证续保条款）,分期交费,中国人寿〔2017〕疾病保险028号,在售, ,http://www.iachina.cn/IC/tkk/03/8cbca887-8e8f-4a76-8419-cb729264878d_TERMS.PDF
5b5313bdf1ad32a783dfafdb,中国人寿保险股份有限公司,国寿附加国寿福豁免保险费疾病保险（至尊版）,健康保险-非个人税收优惠型健康保险-疾病保险-其它疾病保险,传统型产品,无,个人,长期（超过一年或含有保证续保条款）,分期交费,中国人寿〔2017〕疾病保险005号,在售, ,http://www.iachina.cn/IC/tkk/03/eac2c96b-5870-48fa-8209-d852c5f1c2f7_TERMS.PDF
5b5313bdf1ad32a783dfafdc,中国平安人寿保险股份有限公司,平安附加少儿平安福豁免保险费疾病保险（2017）,健康保险-非个人税收优惠型健康保险-疾病保险-其它疾病保险,传统型产品,少儿专属产品,个人,长期（超过一年或含有保证续保条款）,分期交费,平安人寿[2017]疾病保险050号,在售, ,http://www.iachina.cn/IC/tkk/03/d43dcb6f-ff97-4794-82a2-19ea97617a0b_TERMS.PDF
5b5313bdf1ad32a783dfafdd,和泰人寿保险股份有限公司,和泰女性特定疾病保险（A款）,健康保险-非个人税收优惠型健康保险-疾病保险-其它疾病保险,传统型产品,女性专属产品,个人,短期（一年及一年以下）,一次性交费,和泰人寿[2017]疾病保险003号,在售, ,http://www.iachina.cn/IC/tkk/03/f25a0e25-708e-48d4-9915-6cce68229c39_TERMS.PDF
5b5313bdf1ad32a783dfafde,昆仑健康保险股份有限公司,昆仑健康保险股份有限公司附加健康树轻症疾病保险,健康保险-非个人税收优惠型健康保险-疾病保险-其它疾病保险,传统型产品,无,个人,长期（超过一年或含有保证续保条款）,分期交费一次性交费兼有,昆仑健康[2016],在售, ,http://www.iachina.cn/IC/tkk/03/c59a5e67-538f-44dd-83c0-77e509579329_TERMS.PDF
5b5313bdf1ad32a783dfafdf,昆仑健康保险股份有限公司,昆仑健康保险股份有限公司附加健康树豁免保险费轻症疾病保险,健康保险-非个人税收优惠型健康保险-疾病保险-其它疾病保险,传统型产品,无,个人,长期（超过一年或含有保证续保条款）,分期交费,昆仑健康[2016],在售, ,http://www.iachina.cn/IC/tkk/03/9eec3745-6505-4ca2-9a08-3808d77a09f8_TERMS.PDF
5b5313bdf1ad32a783dfafe0,前海人寿保险股份有限公司,前海倍安心母婴疾病保险,健康保险-非个人税收优惠型健康保险-疾病保险-其它疾病保险,传统型产品,女性专属产品,个人,短期（一年及一年以下）,一次性交费,前海人寿【2016】疾病保险057号,在售, ,http://www.iachina.cn/IC/tkk/03/22d52a3a-e69e-4e79-b55f-5031cc191755_TERMS.PDF
5b5313bdf1ad32a783dfafe1,泰康养老保险股份有限公司,泰康健康关爱特定疾病保险,健康保险-非个人税收优惠型健康保险-疾病保险-其它疾病保险,传统型产品,无,个人,短期（一年及一年以下）,一次性交费,泰康养老〔2016〕疾病保险035号,在售, ,http://www.iachina.cn/IC/tkk/03/86747c5e-45dd-4e21-8806-a7c10e960cf4_TERMS.PDF
5b5313bdf1ad32a783dfafe2,华泰人寿保险股份有限公司,华泰人寿好孕宝母婴疾病保险,其它疾病保险,普通型,无,个人,短期（一年及一年以下）,一次性交费,华泰人寿[2016]疾病保险005号,在售, ,http://www.iachina.cn/IC/tkk/03/c3e2491f-5f08-45b3-9a54-a779fa0f7c68_TERMS.PDF
5b5313bdf1ad32a783dfafe3,华泰人寿保险股份有限公司,华泰人寿附加团体关爱尊长特定疾病保险,其它疾病保险,普通型,无,团体,长期（超过一年或含有保证续保条款）,分期交费,华泰人寿[2014]疾病保险009号,在售, ,http://www.iachina.cn/IC/tkk/03/a2b02074-30e7-41df-a585-ea1a31c744da_TERMS.PDF
5b5313bdf1ad32a783dfafe4,华泰人寿保险股份有限公司,华泰人寿团体关爱尊长恶性肿瘤疾病保险,其它疾病保险,普通型,无,团体,长期（超过一年或含有保证续保条款）,分期交费,华泰人寿[2014]疾病保险008号,在售, ,http://www.iachina.cn/IC/tkk/03/35159141-9a98-4c46-94fe-98d2acfa0210_TERMS.PDF
5b5313bdf1ad32a783dfafe5,合众人寿保险股份有限公司,合众合家甜蜜无忧终身特定疾病保险,其它疾病保险,普通型,无,个人,长期（超过一年或含有保证续保条款）,分期交费一次性交费兼有,合众人寿（2017）疾病保险032号,在售, ,http://www.iachina.cn/IC/tkk/03/e19fdb8d-4ae0-48a5-9c5d-e07856e6c056_TERMS.PDF
5b5313bdf1ad32a783dfafe6,合众人寿保险股份有限公司,合众附加投保人豁免保险费特定疾病保险,其它疾病保险,普通型,无,个人,长期（超过一年或含有保证续保条款）,分期交费,合众人寿〔2017〕疾病保险035号,在售, ,http://www.iachina.cn/IC/tkk/03/77ecbf76-4e01-4e94-b1fc-bec9291454fe_TERMS.PDF
5b5313bdf1ad32a783dfafe7,合众人寿保险股份有限公司,合众新爱无忧特定恶性肿瘤疾病保险,其它疾病保险,普通型,无,个人,长期（超过一年或含有保证续保条款）,分期交费,合众人寿〔2017〕疾病保险029号,在售, ,http://www.iachina.cn/IC/tkk/03/63288143-11ee-41d7-8444-52dad18ffe32_TERMS.PDF
5b5313bdf1ad32a783dfafe8,百年人寿保险股份有限公司,百年附加康惠保特定疾病保险,其它疾病保险,普通型,无,个人,长期（超过一年或含有保证续保条款）,分期交费,百年人寿[2017]疾病保险040号,在售, ,http://www.iachina.cn/IC/tkk/03/0c93f50e-78d1-4365-96a3-7d628b5cc3c9_TERMS.PDF
5b5313bdf1ad32a783dfafe9,中国人民人寿保险股份有限公司,人保寿险金色天使疾病保险,健康保险-非个人税收优惠型健康保险-疾病保险-其它疾病保险,传统型产品,少儿专属产品,个人,长期（超过一年或含有保证续保条款）,分期交费一次性交费兼有,人保寿险[2017]疾病保险008号,在售, ,http://www.iachina.cn/IC/tkk/03/8dda4e63-5f08-4917-89af-0eec5a707343_TERMS.PDF
5b5313bdf1ad32a783dfafea,中国人民人寿保险股份有限公司,人保寿险附加母婴安康疾病保险,健康保险-非个人税收优惠型健康保险-疾病保险-其它疾病保险,传统型产品,女性专属产品,个人,短期（一年及一年以下）,一次性交费,人保寿险[2016]疾病保险014号,在售, ,http://www.iachina.cn/IC/tkk/03/6cf05ed6-cff2-4a91-a739-a32d2b923915_TERMS.PDF
5b5313bdf1ad32a783dfafeb,平安养老保险股份有限公司,平安附加关爱一生团体终身特定疾病保险,健康保险-非个人税收优惠型健康保险-疾病保险-其它疾病保险,传统型产品,无,团体,长期（超过一年或含有保证续保条款）,分期交费一次性交费兼有,平安养老[2017]疾病保险005号,在售, ,http://www.iachina.cn/IC/tkk/03/ffd2e791-3c05-4bfe-bb9e-717915209d52_TERMS.PDF
5b5313bdf1ad32a783dfafec,国华人寿保险股份有限公司,国华附加至尊保轻症疾病保险,其它疾病保险,普通型,无,个人,长期（超过一年或含有保证续保条款）,分期交费,国华人寿[2017]疾病保险022号,在售, ,http://www.iachina.cn/IC/tkk/03/812fff70-b088-43ec-916a-8cca9fe54252_TERMS.PDF
5b5313bdf1ad32a783dfafed,昆仑健康保险股份有限公司,昆仑健康保险股份有限公司健康宝肝疾病团体疾病保险（2017）,其它疾病保险,普通型,无,团体,短期（一年及一年以下）,一次性交费,昆仑健康[2017]疾病保险031号,在售, ,http://www.iachina.cn/IC/tkk/03/0b02887c-cfc9-4870-97e8-63597856bc0e_TERMS.PDF
5b5313bdf1ad32a783dfafee,中国人寿保险股份有限公司,国寿鸿康嘉保疾病保险（B款）,其它疾病保险,普通型,无,个人,长期（超过一年或含有保证续保条款）,分期交费一次性交费兼有,中国人寿〔2017〕疾病保险068号,在售, ,http://www.iachina.cn/IC/tkk/03/6b089e13-cb81-48fb-bdf0-e6145e541432_TERMS.PDF
5b5313bdf1ad32a783dfafef,中国人寿保险股份有限公司,国寿鸿康嘉保疾病保险（A款）,其它疾病保险,普通型,无,个人,长期（超过一年或含有保证续保条款）,分期交费一次性交费兼有,中国人寿〔2017〕疾病保险067号,在售, ,http://www.iachina.cn/IC/tkk/03/b2e8948c-ef18-41ac-9dae-e53956d0decf_TERMS.PDF
5b5313bdf1ad32a783dfaff0,中宏人寿保险有限公司,中宏附加保险费豁免疾病保险,其它疾病保险,普通型,无,个人,长期（超过一年或含有保证续保条款）,分期交费,中宏人寿[2017]疾病保险026号,在售, ,http://www.iachina.cn/IC/tkk/03/ba80c588-e2d5-4aa2-ad84-d96cfdea9d29_TERMS.PDF
5b5313bdf1ad32a783dfaff1,信美人寿相互保险社,信美相互i健康心脏保定期疾病保险,其它疾病保险,普通型,无,个人,长期（超过一年或含有保证续保条款）,分期交费一次性交费兼有,信美相互[2017]疾病保险038号,停用,2018-07-19,http://www.iachina.cn/IC/tkk/03/f2856147-3add-4528-9da2-188980a4eb54_TERMS.PDF
5b5313bdf1ad32a783dfaff2,信美人寿相互保险社,信美相互i健康少儿保疾病保险,其它疾病保险,普通型,少儿专属产品,个人,短期（一年及一年以下）,分期交费一次性交费兼有,信美相互[2017]疾病保险042号,停用,2018-07-19,http://www.iachina.cn/IC/tkk/03/ec509af1-f4c9-43f3-af62-e50af06619bb_TERMS.PDF
5b5313bdf1ad32a783dfaff3,信美人寿相互保险社,信美相互i健康心脏保终身团体疾病保险,其它疾病保险,普通型,无,团体,长期（超过一年或含有保证续保条款）,分期交费一次性交费兼有,信美相互[2017]疾病保险036号,停用,2018-07-19,http://www.iachina.cn/IC/tkk/03/e6d236f9-3276-4465-bd0f-a99082ba4eea_TERMS.PDF
5b5313bdf1ad32a783dfaff4,信美人寿相互保险社,信美相互i健康心脏保终身含身故疾病保险,其它疾病保险,普通型,无,个人,长期（超过一年或含有保证续保条款）,分期交费一次性交费兼有,信美相互[2017]疾病保险039号,停用,2018-07-19,http://www.iachina.cn/IC/tkk/03/b9bd29ea-cce1-4920-884d-29abcee6b64a_TERMS.PDF
5b5313bdf1ad32a783dfaff5,幸福人寿保险股份有限公司,幸福安康终身疾病保险,其它疾病保险,普通型,无,个人,长期（超过一年或含有保证续保条款）,分期交费,幸福人寿�z2016�{疾病保险020号,在售, ,http://www.iachina.cn/IC/tkk/03/67225d1a-6cd8-4084-8813-b71cad0dd58e_TERMS.PDF
5b5313bdf1ad32a783dfaff6,信美人寿相互保险社,信美相互i健康心脏保定期团体疾病保险,其它疾病保险,普通型,无,团体,长期（超过一年或含有保证续保条款）,分期交费一次性交费兼有,信美相互[2017]疾病保险034号,停用,2018-07-19,http://www.iachina.cn/IC/tkk/03/459e2ff4-dd40-42bb-b59d-884bc09fd115_TERMS.PDF
5b5313bdf1ad32a783dfaff7,信美人寿相互保险社,信美相互i健康心脏保定期含身故疾病保险,其它疾病保险,普通型,无,个人,长期（超过一年或含有保证续保条款）,分期交费一次性交费兼有,信美相互[2017]疾病保险037号,停用,2018-07-19,http://www.iachina.cn/IC/tkk/03/80b96b5e-bafd-4626-97a4-ed511e7033e9_TERMS.PDF
5b5313bdf1ad32a783dfaff8,信美人寿相互保险社,信美相互i健康心脏保终身疾病保险,其它疾病保险,普通型,无,个人,长期（超过一年或含有保证续保条款）,分期交费一次性交费兼有,信美相互[2017]疾病保险040号,停用,2018-07-19,http://www.iachina.cn/IC/tkk/03/37e1a6ec-a772-41fa-b956-12698f3726b7_TERMS.PDF
5b5313bdf1ad32a783dfaff9,信美人寿相互保险社,信美相互i健康心脏保定期含身故团体疾病保险,其它疾病保险,普通型,无,团体,长期（超过一年或含有保证续保条款）,分期交费一次性交费兼有,信美相互[2017]疾病保险033号,停用,2018-07-19,http://www.iachina.cn/IC/tkk/03/32b1827c-f694-455e-9874-7b299bc9b886_TERMS.PDF
5b5313bdf1ad32a783dfaffa,信美人寿相互保险社,信美相互i健康心脏保终身含身故团体疾病保险,其它疾病保险,普通型,无,团体,长期（超过一年或含有保证续保条款）,分期交费一次性交费兼有,信美相互[2017]疾病保险035号,停用,2018-07-19,http://www.iachina.cn/IC/tkk/03/058c6fbb-72a5-4b81-ab07-1a1f84c10773_TERMS.PDF
5b5313bdf1ad32a783dfaffb,华夏人寿保险股份有限公司,华夏附加普惠保团体终身特定疾病保险,健康保险-非个人税收优惠型健康保险-疾病保险-其它疾病保险,传统型产品,无,团体,长期（超过一年或含有保证续保条款）,分期交费一次性交费兼有,华夏人寿[2017]疾病保险032号,停用,2018-05-17,http://www.iachina.cn/IC/tkk/03/d4d66b29-04d2-4aed-84cc-b23c9abdb53f_TERMS.PDF
5b5313bdf1ad32a783dfaffc,和泰人寿保险股份有限公司,和泰爱目特定疾病保险,其它疾病保险,普通型,无,个人,短期（一年及一年以下）,一次性交费,和泰人寿[2017]疾病保险014号,在售, ,http://www.iachina.cn/IC/tkk/03/24bd2ae7-aa0b-4229-a088-5b1618d7ba3e_TERMS.PDF
5b5313bdf1ad32a783dfaffd,信美人寿相互保险社,信美相互i健康少儿保团体疾病保险,其它疾病保险,普通型,少儿专属产品,团体,短期（一年及一年以下）,分期交费一次性交费兼有,信美相互[2017]疾病保险041号,停用,2018-07-19,http://www.iachina.cn/IC/tkk/03/8051d780-cbb6-4ecb-a656-b72f2aeb53bc_TERMS.PDF
5b5313bdf1ad32a783dfaffe,昆仑健康保险股份有限公司,昆仑健康保险股份有限公司附加健康保轻症疾病保险,其它疾病保险,普通型,无,个人,长期（超过一年或含有保证续保条款）,分期交费一次性交费兼有,昆仑健康[2017]疾病保险047号,在售, ,http://www.iachina.cn/IC/tkk/03/d170b63f-d271-4f58-ad4c-d6d453b1f36e_TERMS.PDF
5b5313bdf1ad32a783dfafff,英大泰和人寿保险股份有限公司,英大健和团体疾病保险,健康保险-非个人税收优惠型健康保险-疾病保险-其它疾病保险,传统型产品,无,团体,短期（一年及一年以下）,一次性交费,英大人寿[2016]疾病保险017号,在售, ,http://www.iachina.cn/IC/tkk/03/6e6e9362-bab4-4125-a607-f6faafdad97f_TERMS.PDF
5b5313bdf1ad32a783dfb000,中德安联人寿保险有限公司,安联附加超级随心少儿长期疾病保险,健康保险-非个人税收优惠型健康保险-疾病保险-其它疾病保险,传统型产品,无,个人,长期（超过一年或含有保证续保条款）,分期交费一次性交费兼有,中德安联人寿[2017]疾病保险027号,在售, ,http://www.iachina.cn/IC/tkk/03/6d79f061-1862-4b83-9793-e8a5288e1258_TERMS.PDF
5b5313bdf1ad32a783dfb001,中德安联人寿保险有限公司,安联附加豁免保险费疾病保险,健康保险-非个人税收优惠型健康保险-疾病保险-其它疾病保险,传统型产品,无,个人,长期（超过一年或含有保证续保条款）,分期交费一次性交费兼有,中德安联人寿[2017]疾病保险028号,在售, ,http://www.iachina.cn/IC/tkk/03/bdbd51eb-2905-4e05-9144-27555087031d_TERMS.PDF
5b5313bdf1ad32a783dfb002,昆仑健康保险股份有限公司,爱心保特定疾病保险,健康保险-非个人税收优惠型健康保险-疾病保险-其它疾病保险,传统型产品,无,个人,短期（一年及一年以下）,灵活交费,昆仑健康[2016]疾病保险033号,在售, ,http://www.iachina.cn/IC/tkk/03/15ff06c4-50d5-4cc0-afae-1112d58091dc_TERMS.PDF
5b5313bdf1ad32a783dfb003,泰康养老保险股份有限公司,泰康附加健康有约终身特定疾病保险,其它疾病保险,普通型,无,个人,长期（超过一年或含有保证续保条款）,一次性交费,分期交费,分期交费一次性交费兼有,泰康养老（2017）疾病保险035号,在售, ,http://www.iachina.cn/IC/tkk/03/72c94f6f-51c6-44c6-8ef2-88c24298e816_TERMS.PDF
5b5313bdf1ad32a783dfb004,中意人寿保险有限公司,中意附加轻症疾病保险（B款）,其它疾病保险,普通型,无,个人,长期（超过一年或含有保证续保条款）,分期交费,中意人寿[2016]疾病保险014号,在售, ,http://www.iachina.cn/IC/tkk/03/edbcddb6-044a-46fe-b7b5-6cffb27b4c33_TERMS.PDF
5b5313bdf1ad32a783dfb005,友邦保险有限公司上海分公司（代表友邦在华各分支公司）,友邦附加全佑轻无忧豁免保险费疾病保险,其它疾病保险,普通型,无,个人,长期（超过一年或含有保证续保条款）,分期交费,友邦保险[2017]疾病保险038号,在售, ,http://www.iachina.cn/IC/tkk/03/ab25ce87-0348-49fc-952b-8f6370d3be8d_TERMS.PDF
5b5313bdf1ad32a783dfb006,中意人寿保险有限公司,中意附加轻症豁免保险费疾病保险,其它疾病保险,普通型,无,个人,长期（超过一年或含有保证续保条款）,分期交费,中意人寿[2016]疾病保险015号,在售, ,http://www.iachina.cn/IC/tkk/03/16c79bf7-c3aa-4edc-8f7b-673d113f260a_TERMS.PDF
5b5313bdf1ad32a783dfb007,长城人寿保险股份有限公司,长城附加爱相宜女性特定疾病保险,其它疾病保险,普通型,女性专属产品,个人,长期（超过一年或含有保证续保条款）,分期交费一次性交费兼有,长城人寿[2017]疾病保险017号,在售, ,http://www.iachina.cn/IC/tkk/03/8dc0a962-182a-4171-bf8e-067789a44e90_TERMS.PDF
5b5313bdf1ad32a783dfb008,合众人寿保险股份有限公司,合众糖无忧终身特定疾病保险,其它疾病保险,普通型,无,个人,长期（超过一年或含有保证续保条款）,分期交费一次性交费兼有,合众人寿（2017）疾病保险039号,在售, ,http://www.iachina.cn/IC/tkk/03/2797e72d-3256-409b-aa45-e62ef6b95ad3_TERMS.PDF
5b5313bdf1ad32a783dfb009,恒安标准人寿保险有限公司,恒安标准附加轻症疾病保险（C款）,健康保险-非个人税收优惠型健康保险-疾病保险-其它疾病保险,传统型产品,无,个人,长期（超过一年或含有保证续保条款）,分期交费一次性交费兼有,恒安标准人寿[2017]疾病保险006号,在售, ,http://www.iachina.cn/IC/tkk/03/5988d6a9-46eb-48ca-8e0a-988246a4f952_TERMS.PDF
5b5313bdf1ad32a783dfb00a,中国人民人寿保险股份有限公司,人保寿险附加豁免保险费疾病保险,其它疾病保险,普通型,无,个人,长期（超过一年或含有保证续保条款）,分期交费一次性交费兼有,人保寿险[2017]疾病保险043号,在售, ,http://www.iachina.cn/IC/tkk/03/90d8db7c-21b2-4ce5-b73f-6ae036aa1c37_TERMS.PDF
5b5313bdf1ad32a783dfb00b,信美人寿相互保险社,信美相互健康颂少儿保（A款）团体疾病保险,其它疾病保险,普通型,少儿专属产品,团体,短期（一年及一年以下）,分期交费一次性交费兼有,信美相互[2017]疾病保险066号,停用,2018-03-06,http://www.iachina.cn/IC/tkk/03/3d5e619f-d26d-4cd8-b3db-051c5999abb3_TERMS.PDF
5b5313bdf1ad32a783dfb00c,中国平安人寿保险股份有限公司,平安附加轻症豁免保险费（B）疾病保险,其它疾病保险,普通型,无,个人,长期（超过一年或含有保证续保条款）,分期交费,平安人寿[2017]疾病保险117号,在售, ,http://www.iachina.cn/IC/tkk/03/a7468db7-24df-4c47-8872-d8372aa939a4_TERMS.PDF
5b5313bdf1ad32a783dfb00d,新华人寿保险股份有限公司,新华人寿保险股份有限公司i她A款女性特定疾病保险,其它疾病保险,普通型,女性专属产品,个人,短期（一年及一年以下）,一次性交费,新华保险[2017]疾病保险039号,在售, ,http://www.iachina.cn/IC/tkk/03/ccdadb47-3202-43d5-9e73-48a9f888e3ff_TERMS.PDF
5b5313bdf1ad32a783dfb00e,信泰人寿保险股份有限公司,信泰i立方恶性肿瘤疾病保险,其它疾病保险,普通型,无,个人,长期（超过一年或含有保证续保条款）,分期交费,信泰保险[2018]疾病保险003号,在售, ,http://www.iachina.cn/IC/tkk/03/8bd9bf58-f1fd-4127-9c2d-cc927c75a977_TERMS.PDF
5b5313bdf1ad32a783dfb00f,信美人寿相互保险社,信美相互健康颂少儿保（A款）团体疾病保险,其它疾病保险,普通型,少儿专属产品,团体,短期（一年及一年以下）,分期交费,分期交费一次性交费兼有,信美相互【2017】疾病保险077号,在售, ,http://www.iachina.cn/IC/tkk/03/4d3cdcbc-4ca3-417b-8f3e-1daa8d8ae855_TERMS.PDF
5b5313bdf1ad32a783dfb010,中国人寿保险股份有限公司,国寿附加福瑞安康豁免保险费疾病保险（优享版）,其它疾病保险,普通型,无,个人,长期（超过一年或含有保证续保条款）,分期交费,中国人寿〔2017〕疾病保险093号,在售, ,http://www.iachina.cn/IC/tkk/03/2daf7633-0103-4206-a617-6a6997280f7b_TERMS.PDF
5b5313bdf1ad32a783dfb011,信泰人寿保险股份有限公司,信泰好妈妈疾病保险,健康保险-非个人税收优惠型健康保险-疾病保险-其它疾病保险,传统型产品,女性专属产品,个人,短期（一年及一年以下）,一次性交费,信泰人寿[2016]疾病保险049,停售,2018-03-09,http://www.iachina.cn/IC/tkk/03/45d9276e-1f7f-4c63-9e3f-8ff17f181675_TERMS.PDF
5b5313bdf1ad32a783dfb012,招商信诺人寿保险有限公司,招商信诺附加安享康健豁免保险费疾病保险,其它疾病保险,普通型,无,个人,长期（超过一年或含有保证续保条款）,分期交费,招商信诺[2018]疾病保险003号,在售, ,http://www.iachina.cn/IC/tkk/03/5d0f78a4-09f4-422c-8656-bbc3561ebebf_TERMS.PDF
5b5313bdf1ad32a783dfb013,中国平安人寿保险股份有限公司,平安附加轻症豁免保险费（C）疾病保险,其它疾病保险,普通型,无,个人,长期（超过一年或含有保证续保条款）,分期交费,平安人寿[2017]疾病保险118号,在售, ,http://www.iachina.cn/IC/tkk/03/e29f0478-2ed0-427f-a864-30190e2bb042_TERMS.PDF
5b5313bdf1ad32a783dfb014,信泰人寿保险股份有限公司,信泰好妈妈A款疾病保险,其它疾病保险,普通型,女性专属产品,个人,短期（一年及一年以下）,一次性交费,信泰保险[2018]疾病保险008号,停用,2018-07-13,http://www.iachina.cn/IC/tkk/03/139f3452-ebde-47ca-b486-83dc59042c6d_TERMS.PDF
5b5313bdf1ad32a783dfb015,合众人寿保险股份有限公司,合众附加安康无忧投保人豁免保险费特定疾病保险,健康保险-非个人税收优惠型健康保险-疾病保险-其它疾病保险,传统型产品,无,个人,长期（超过一年或含有保证续保条款）,分期交费,合众人寿（2017）疾病保险055号,在售, ,http://www.iachina.cn/IC/tkk/03/46d018e7-2644-4235-9ca8-6301c89b09db_TERMS.PDF
5b5313bdf1ad32a783dfb016,昆仑健康保险股份有限公司,昆仑健康保险股份有限公司糖尿病并发症疾病保险,其它疾病保险,普通型,无,个人,短期（一年及一年以下）,一次性交费,昆仑健康[2017]疾病保险056号,在售, ,http://www.iachina.cn/IC/tkk/03/257b740e-4340-46d9-95a6-9376620b098b_TERMS.PDF
5b5313bdf1ad32a783dfb017,中华联合人寿保险股份有限公司,中华附加早期危重疾病豁免保费团体疾病保险,其它疾病保险,普通型,无,团体,长期（超过一年或含有保证续保条款）,分期交费,中华人寿[2018]疾病保险001号,在售, ,http://www.iachina.cn/IC/tkk/03/26f06878-fbe5-4668-b286-bdc39d1f8cf9_TERMS.PDF
5b5313bdf1ad32a783dfb018,泰康人寿保险有限责任公司,泰康健康相伴豁免保险费疾病保险,其它疾病保险,普通型,无,个人,长期（超过一年或含有保证续保条款）,分期交费一次性交费兼有,泰康人寿[2017]疾病保险041号,在售, ,http://www.iachina.cn/IC/tkk/03/6fd096e1-2b8b-4c93-8ebf-7fca9161357d_TERMS.PDF
5b5313bdf1ad32a783dfb019,中国平安人寿保险股份有限公司,平安附加安康豁免保险费特定（C）疾病保险,健康保险-非个人税收优惠型健康保险-疾病保险-其它疾病保险,传统型产品,无,个人,长期（超过一年或含有保证续保条款）,分期交费,平安人寿[2017]疾病保险102号,在售, ,http://www.iachina.cn/IC/tkk/03/84bbe71c-993f-47b0-ab2d-f36527822441_TERMS.PDF
5b5313bdf1ad32a783dfb01a,中国平安人寿保险股份有限公司,平安附加安康豁免保险费特定（B）疾病保险,健康保险-非个人税收优惠型健康保险-疾病保险-其它疾病保险,传统型产品,无,个人,长期（超过一年或含有保证续保条款）,分期交费,平安人寿[2017]疾病保险101号,在售, ,http://www.iachina.cn/IC/tkk/03/d309db56-6982-41b3-9e5d-09530d028ac0_TERMS.PDF
5b5313bdf1ad32a783dfb01b,华夏人寿保险股份有限公司,华夏附加普惠保团体终身特定疾病保险,健康保险-非个人税收优惠型健康保险-疾病保险-其它疾病保险,传统型产品,无,个人,长期（超过一年或含有保证续保条款）,分期交费一次性交费兼有,华夏人寿[2018]疾病保险002号,在售, ,http://www.iachina.cn/IC/tkk/03/b06f1b43-9639-4595-835c-07df5b00f83a_TERMS.PDF
5b5313bdf1ad32a783dfb01c,招商信诺人寿保险有限公司,招商信诺和美绽放团体女性疾病保险,健康保险-非个人税收优惠型健康保险-疾病保险-其它疾病保险,传统型产品,无,团体,长期（超过一年或含有保证续保条款）,分期交费一次性交费兼有,招商信诺[2018]疾病保险016号,在售, ,http://www.iachina.cn/IC/tkk/03/fe0df7ae-9dba-4755-a5c7-168559283460_TERMS.PDF
5b5313bdf1ad32a783dfb01d,合众人寿保险股份有限公司,合众健康无忧特定恶性肿瘤疾病保险,其它疾病保险,普通型,无,个人,长期（超过一年或含有保证续保条款）,分期交费,合众人寿（2017）疾病保险053号,在售, ,http://www.iachina.cn/IC/tkk/03/7f6261fa-cb57-42dc-9a8c-2d891d1d0efb_TERMS.PDF
5b5313bdf1ad32a783dfb01e,信美人寿相互保险社,信美相互爱我宝贝少儿白血病团体疾病保险,健康保险-非个人税收优惠型健康保险-疾病保险-其它疾病保险,传统型产品,少儿专属产品,团体,长期（超过一年或含有保证续保条款）,分期交费一次性交费兼有,信美相互[2018]疾病保险001号,在售, ,http://www.iachina.cn/IC/tkk/03/95cdc3d2-7b49-4279-a5d4-50e38e8697a6_TERMS.PDF
5b5313bdf1ad32a783dfb01f,天安人寿保险股份有限公司,天安人寿守护安康恶性肿瘤疾病保险,健康保险-非个人税收优惠型健康保险-疾病保险-其它疾病保险,传统型产品,无,个人,长期（超过一年或含有保证续保条款）,分期交费,天安人寿[2017]疾病保险042号,在售, ,http://www.iachina.cn/IC/tkk/03/9df2fe60-e73b-44c8-8580-ef6ead6f1476_TERMS.PDF
5b5313bdf1ad32a783dfb020,中国平安人寿保险股份有限公司,平安附加少儿平安福18特定疾病保险,其它疾病保险,普通型,少儿专属产品,个人,长期（超过一年或含有保证续保条款）,分期交费,平安人寿[2018]疾病保险023号,在售, ,http://www.iachina.cn/IC/tkk/03/f612ef77-8664-4020-ac5e-845757d7b2fb_TERMS.PDF
5b5313bdf1ad32a783dfb021,信美人寿相互保险社,信美相互爱我宝贝少儿白血病疾病保险,健康保险-非个人税收优惠型健康保险-疾病保险-其它疾病保险,传统型产品,少儿专属产品,个人,长期（超过一年或含有保证续保条款）,分期交费一次性交费兼有,信美相互[2018]疾病保险002号,在售, ,http://www.iachina.cn/IC/tkk/03/68344991-67c2-4517-ad11-1ee6099730fc_TERMS.PDF
5b5313bdf1ad32a783dfb022,中国平安人寿保险股份有限公司,平安附加豁免保险费35种特定疾病保险（B，2016）,其它疾病保险,普通型,无,个人,长期（超过一年或含有保证续保条款）,分期交费,平安人寿[2018]疾病保险013号,在售, ,http://www.iachina.cn/IC/tkk/03/c1a6cddc-dc1c-4b30-9994-463498a613f8_TERMS.PDF
5b5313bdf1ad32a783dfb023,中国平安人寿保险股份有限公司,平安附加少儿平安福（至尊版）特定疾病保险,其它疾病保险,普通型,少儿专属产品,个人,长期（超过一年或含有保证续保条款）,分期交费,平安人寿[2018]疾病保险012号,在售, ,http://www.iachina.cn/IC/tkk/03/9d9d11aa-e388-41f5-a21d-71f48bd51834_TERMS.PDF
5b5313bdf1ad32a783dfb024,中国平安人寿保险股份有限公司,平安附加少儿平安福特定疾病保险,其它疾病保险,普通型,少儿专属产品,个人,长期（超过一年或含有保证续保条款）,分期交费,平安人寿[2018]疾病保险009号,在售, ,http://www.iachina.cn/IC/tkk/03/8d9fdad4-ee2b-40c4-8eec-d4adb5789267_TERMS.PDF
5b5313bdf1ad32a783dfb025,中国人寿保险股份有限公司,国寿如E贝贝少儿疾病保险（尊享版）,健康保险-非个人税收优惠型健康保险-疾病保险-其它疾病保险,传统型产品,少儿专属产品,个人,长期（超过一年或含有保证续保条款）,分期交费,中国人寿〔2017〕疾病保险061号,在售, ,http://www.iachina.cn/IC/tkk/03/c01db823-e4e8-4456-b593-feff70aad75a_TERMS.PDF
5b5313bdf1ad32a783dfb026,中国平安人寿保险股份有限公司,平安附加轻症30豁免保险费（B）疾病保险,其它疾病保险,普通型,无,个人,长期（超过一年或含有保证续保条款）,分期交费,平安人寿[2018]疾病保险035号,在售, ,http://www.iachina.cn/IC/tkk/03/23879ff5-462c-4561-b1d4-0b3baca3ee54_TERMS.PDF
5b5313bdf1ad32a783dfb027,中国平安人寿保险股份有限公司,平安附加少儿平安福豁免保费（C）疾病保险,其它疾病保险,普通型,少儿专属产品,个人,长期（超过一年或含有保证续保条款）,分期交费,平安人寿[2018]疾病保险011号,在售, ,http://www.iachina.cn/IC/tkk/03/6845345a-d44d-42dc-8505-1a6d051ba7d2_TERMS.PDF
5b5313bdf1ad32a783dfb028,中国平安人寿保险股份有限公司,平安附加轻症30豁免保险费（C）疾病保险,其它疾病保险,普通型,无,个人,长期（超过一年或含有保证续保条款）,分期交费,平安人寿[2018]疾病保险036号,在售, ,http://www.iachina.cn/IC/tkk/03/0e27359d-fe2a-45ad-8c86-1bf3b4ea0894_TERMS.PDF
5b5313bdf1ad32a783dfb029,中国人寿保险股份有限公司,国寿女性安康团体疾病保险,其它疾病保险,普通型,女性专属产品,团体,短期（一年及一年以下）,一次性交费,中国人寿〔2017〕疾病保险055号,在售, ,http://www.iachina.cn/IC/tkk/03/fb3152fc-8aaa-4b9b-8787-d9452a26ac6e_TERMS.PDF
5b5313bdf1ad32a783dfb02a,中国人寿保险股份有限公司,国寿女性安康团体疾病保险（A款）,其它疾病保险,普通型,女性专属产品,团体,短期（一年及一年以下）,一次性交费,中国人寿〔2017〕疾病保险056号,在售, ,http://www.iachina.cn/IC/tkk/03/d04cd775-d601-4915-a13b-2819a2009e18_TERMS.PDF
5b5313bdf1ad32a783dfb02b,中国人寿保险股份有限公司,国寿关爱女性生殖健康团体疾病保险,其它疾病保险,普通型,女性专属产品,团体,短期（一年及一年以下）,一次性交费,中国人寿〔2017〕疾病保险057号,在售, ,http://www.iachina.cn/IC/tkk/03/83f6fef4-f7d1-4a34-9694-031b824703f2_TERMS.PDF
5b5313bdf1ad32a783dfb02c,中英人寿保险有限公司,中英人寿附加学生特定疾病保险,健康保险-非个人税收优惠型健康保险-疾病保险-其它疾病保险,传统型产品,学生平安保险,个人,短期（一年及一年以下）,一次性交费,中英人寿[2017]疾病保险020号,在售, ,http://www.iachina.cn/IC/tkk/03/613bc821-3586-4f1f-8dca-8e1cf31e7998_TERMS.PDF
5b5313bdf1ad32a783dfb02d,中国平安人寿保险股份有限公司,平安附加少儿平安福豁免保费疾病保险,其它疾病保险,普通型,少儿专属产品,个人,长期（超过一年或含有保证续保条款）,分期交费,平安人寿[2018]疾病保险010号,在售, ,http://www.iachina.cn/IC/tkk/03/55868114-c303-4f86-9ac9-893a95f94c46_TERMS.PDF
5b5313bdf1ad32a783dfb02e,百年人寿保险股份有限公司,百年附加儿童特定疾病保险,其它疾病保险,普通型,少儿专属产品,个人,长期（超过一年或含有保证续保条款）,分期交费一次性交费兼有,百年人寿[2015]疾病保险031号,在售, ,http://www.iachina.cn/IC/tkk/03/502a72a5-3bad-4383-ac48-c1a26d5d194a_TERMS.PDF
